engine,seed,suggestion,collected_utc
google,concrete contractor kissimmee,concrete contractor kissimmee,2026-09-10T21:34:06Z
google,concrete contractor kissimmee,concrete contractor kissimmee fl,2026-09-10T21:34:06Z
google,concrete contractor kissimmee,kissimmee concrete contractor co,2026-09-10T21:34:06Z
google,concrete contractor kissimmee,concrete contractor cost,2026-09-10T21:34:06Z
google,concrete contractor kissimmee,concrete near me contractor,2026-09-10T21:34:06Z
google,concrete contractor kissimmee,how much do concrete contractors charge,2026-09-10T21:34:06Z
bing,concrete contractor kissimmee,concrete contractors kissimmee florida,2026-09-10T21:34:06Z
google,pavers kissimmee,pavers kissimmee,2026-09-10T21:34:06Z
google,pavers kissimmee,pavers kissimmee fl,2026-09-10T21:34:06Z
google,pavers kissimmee,where to buy pavers in orlando,2026-09-10T21:34:06Z
google,pavers kissimmee,least expensive pavers,2026-09-10T21:34:06Z
google,pavers kissimmee,difference between a brick and a paver,2026-09-10T21:34:06Z
bing,pool deck pavers kissimmee,pool deck pavers near me,2026-09-10T21:34:06Z
bing,pool deck pavers kissimmee,pavers for pool deck remodel near me,2026-09-10T21:34:06Z
bing,pool deck pavers kissimmee,swimming pool deck pavers,2026-09-10T21:34:06Z
bing,pool deck pavers kissimmee,pool paver companies 33412,2026-09-10T21:34:06Z
bing,pool deck pavers kissimmee,pavers for swimming pool decks,2026-09-10T21:34:06Z
bing,pool deck pavers kissimmee,pool pavers near me,2026-09-10T21:34:06Z
bing,pool deck pavers kissimmee,pavers for pool deck,2026-09-10T21:34:06Z
bing,pool deck pavers kissimmee,oasis pavers and pools,2026-09-10T21:34:06Z
bing,pool deck pavers kissimmee,oasis pavers and pools saint petersburg fl,2026-09-10T21:34:06Z
bing,pool deck pavers kissimmee,limestone pavers for pool deck,2026-09-10T21:34:06Z
bing,pool deck pavers kissimmee,swimming pool deck designs with pavers,2026-09-10T21:34:06Z
bing,pool deck pavers kissimmee,pool decks with pavers,2026-09-10T21:34:06Z
bing,pool deck pavers kissimmee,pools pavers and patios llc,2026-09-10T21:34:06Z
bing,pool deck pavers kissimmee,pools pavers and more,2026-09-10T21:34:06Z
bing,pool deck pavers kissimmee,orange county pools and pavers,2026-09-10T21:34:06Z
bing,pool deck pavers kissimmee,pools with paver decks,2026-09-10T21:34:06Z
bing,pool deck pavers kissimmee,pool paver installers near me,2026-09-10T21:34:06Z
bing,pool deck pavers kissimmee,florida patio and pavers,2026-09-10T21:34:06Z
bing,pool deck pavers kissimmee,pavers in miami florida,2026-09-10T21:34:06Z
bing,pool deck pavers kissimmee,quality pools and pavers,2026-09-10T21:34:06Z
bing,pool deck pavers kissimmee,simoes pavers and pools llc,2026-09-10T21:34:06Z
bing,pool deck pavers kissimmee,oasis pavers and pools llc,2026-09-10T21:34:06Z
bing,pool deck pavers kissimmee,pools pavers & patios,2026-09-10T21:34:06Z
google,concrete st cloud fl,concrete st cloud fl,2026-09-10T21:34:06Z
google,concrete st cloud fl,srm concrete st cloud fl,2026-09-10T21:34:06Z
google,concrete st cloud fl,concrete recycling st cloud fl,2026-09-10T21:34:06Z
google,concrete st cloud fl,concrete contractors st cloud fl,2026-09-10T21:34:06Z
google,concrete st cloud fl,maschmeyer concrete st. cloud florida,2026-09-10T21:34:06Z
google,concrete st cloud fl,concrete pumping in saint cloud fl,2026-09-10T21:34:06Z
google,concrete st cloud fl,concrete companies in st cloud fl,2026-09-10T21:34:06Z
bing,concrete st cloud fl,concrete st cloud mn,2026-09-10T21:34:06Z
bing,concrete st cloud fl,crushed concrete near st cloud fl,2026-09-10T21:34:06Z
bing,concrete st cloud fl,concrete inc st cloud,2026-09-10T21:34:06Z
bing,concrete st cloud fl,concrete contractors near st cloud mn,2026-09-10T21:34:06Z
bing,concrete st cloud fl,moore concrete st cloud fl,2026-09-10T21:34:06Z
bing,concrete st cloud fl,concrete st augustine fl,2026-09-10T21:34:06Z
bing,concrete st cloud fl,concrete st petersburg fl,2026-09-10T21:34:06Z
bing,concrete st cloud fl,concrete contractors port st lucie fl,2026-09-10T21:34:06Z
bing,concrete st cloud fl,concrete company jacksonville fl,2026-09-10T21:34:06Z
bing,concrete st cloud fl,concrete contractors st petersburg fl,2026-09-10T21:34:06Z
bing,concrete st cloud fl,concrete companies south florida,2026-09-10T21:34:06Z
bing,concrete st cloud fl,concrete supply jacksonville fl,2026-09-10T21:34:06Z
bing,concrete st cloud fl,concrete companies bradenton fl,2026-09-10T21:34:06Z
bing,concrete st cloud fl,concrete company fort lauderdale,2026-09-10T21:34:06Z
bing,concrete st cloud fl,stamped concrete southwest fl,2026-09-10T21:34:06Z
bing,concrete st cloud fl,concrete company st louis mo,2026-09-10T21:34:06Z
bing,concrete st cloud fl,concrete st corpus christi,2026-09-10T21:34:06Z
bing,concrete st cloud fl,concrete slab jacksonville fl,2026-09-10T21:34:06Z
bing,concrete st cloud fl,concrete company in florida,2026-09-10T21:34:06Z
bing,concrete st cloud fl,concrete contractors st louis near me,2026-09-10T21:34:06Z
bing,concrete st cloud fl,concrete solutions of central florida,2026-09-10T21:34:06Z
bing,concrete st cloud fl,concrete contractors st louis south,2026-09-10T21:34:06Z
bing,concrete st cloud fl,florida concrete services llc,2026-09-10T21:34:06Z
google,pavers st cloud fl,pavers st cloud fl,2026-09-10T21:34:06Z
google,pavers st cloud fl,alliance pavers st cloud fl,2026-09-10T21:34:06Z
google,pavers st cloud fl,paver companies st cloud fl,2026-09-10T21:34:06Z
google,pavers st cloud fl,flagstone pavers phone number,2026-09-10T21:34:06Z
google,pavers st cloud fl,pavers that look like flagstone,2026-09-10T21:34:06Z
google,pavers st cloud fl,should you seal pavers in florida,2026-09-10T21:34:06Z
bing,pavers st cloud fl,alliance pavers st cloud fl,2026-09-10T21:34:06Z
bing,pavers st cloud fl,pavers st petersburg fl,2026-09-10T21:34:06Z
bing,pavers st cloud fl,pavers in orlando fl,2026-09-10T21:34:06Z
bing,pavers st cloud fl,pavers in naples fl,2026-09-10T21:34:06Z
bing,pavers st cloud fl,pavers in fort myers fl,2026-09-10T21:34:06Z
bing,pavers st cloud fl,paver companies in sarasota fl,2026-09-10T21:34:06Z
bing,pavers st cloud fl,sun pavers of florida inc,2026-09-10T21:34:06Z
bing,pavers st cloud fl,pavers company in jacksonville florida,2026-09-10T21:34:06Z
bing,pavers st cloud fl,pavers west palm beach fl,2026-09-10T21:34:06Z
bing,pavers st cloud fl,free pavers naples fl,2026-09-10T21:34:06Z
bing,pavers st cloud fl,us pavers stuart fl,2026-09-10T21:34:06Z
bing,pavers st cloud fl,paver companies jacksonville fl,2026-09-10T21:34:06Z
bing,pavers st cloud fl,pavers in miami florida,2026-09-10T21:34:06Z
bing,pavers st cloud fl,paver companies in naples fl,2026-09-10T21:34:06Z
bing,pavers st cloud fl,pavers fort myers florida,2026-09-10T21:34:06Z
bing,pavers st cloud fl,paver installation sarasota fl,2026-09-10T21:34:06Z
bing,pavers st cloud fl,amazing pavers south florida,2026-09-10T21:34:06Z
bing,pavers st cloud fl,paver suppliers jacksonville florida,2026-09-10T21:34:06Z
bing,pavers st cloud fl,paver company in port st lucie,2026-09-10T21:34:06Z
bing,pavers st cloud fl,pavers in fort myers,2026-09-10T21:34:06Z
bing,pavers st cloud fl,paver installers melbourne fl,2026-09-10T21:34:06Z
bing,pavers st cloud fl,paver companies in tampa,2026-09-10T21:34:06Z
bing,pavers st cloud fl,paver suppliers fort myers,2026-09-10T21:34:06Z
google,concrete driveway cost florida,concrete driveway cost florida,2026-09-10T21:34:06Z
google,concrete driveway cost florida,cost to have a concrete driveway poured,2026-09-10T21:34:06Z
google,concrete driveway cost florida,how much does a driveway concrete cost,2026-09-10T21:34:06Z
bing,concrete driveway cost florida,concrete driveway cost near me,2026-09-10T21:34:06Z
bing,concrete driveway cost florida,cost of concrete driveway,2026-09-10T21:34:06Z
bing,concrete driveway cost florida,paver driveway cost florida,2026-09-10T21:34:06Z
bing,concrete driveway cost florida,avg cost of concrete driveway,2026-09-10T21:34:06Z
bing,concrete driveway cost florida,concrete driveway cost per foot,2026-09-10T21:34:06Z
bing,concrete driveway cost florida,average cost for a concrete driveway,2026-09-10T21:34:06Z
bing,concrete driveway cost florida,price for concrete driveway,2026-09-10T21:34:06Z
bing,concrete driveway cost florida,how much is a concrete driveway,2026-09-10T21:34:06Z
bing,concrete driveway cost florida,concrete driveway rates near me,2026-09-10T21:34:06Z
bing,concrete driveway cost florida,concrete driveways near me cost,2026-09-10T21:34:06Z
google,paver driveway cost florida,paver driveway cost florida,2026-09-10T21:34:06Z
google,paver driveway cost florida,how much does a driveway with pavers cost,2026-09-10T21:34:06Z
google,paver driveway cost florida,is asphalt cheaper than pavers,2026-09-10T21:34:06Z
bing,paver driveway cost florida,cost of paver driveway,2026-09-10T21:34:06Z
bing,paver driveway cost florida,driveway paver near me cost,2026-09-10T21:34:06Z
bing,paver driveway cost florida,how much does a paver driveway cost,2026-09-10T21:34:06Z
bing,paver driveway cost florida,average cost of paver driveway,2026-09-10T21:34:06Z
bing,paver driveway cost florida,cost of driveway pavers,2026-09-10T21:34:06Z
bing,paver driveway cost florida,cost of driveway pavers installed,2026-09-10T21:34:06Z
bing,paver driveway cost florida,how much is a paver driveway,2026-09-10T21:34:06Z
bing,paver driveway cost florida,how much do driveway pavers cost,2026-09-10T21:34:06Z
bing,paver driveway cost florida,residential driveway pavers near me cost,2026-09-10T21:34:06Z
bing,paver driveway cost florida,paver driveway cost per square foot,2026-09-10T21:34:06Z
bing,paver driveway cost florida,paver stone driveway cost,2026-09-10T21:34:06Z
bing,paver driveway cost florida,concrete driveway pavers near me cost,2026-09-10T21:34:06Z
bing,paver driveway cost florida,driveway paver near me free estimate,2026-09-10T21:34:06Z
bing,paver driveway cost florida,how much are driveway pavers,2026-09-10T21:34:06Z
bing,paver driveway cost florida,driveway pavers cost per square foot,2026-09-10T21:34:06Z
bing,paver driveway cost florida,pavers for driveways pricing,2026-09-10T21:34:06Z
bing,paver driveway cost florida,driveway pavers price per square foot,2026-09-10T21:34:06Z
bing,paver driveway cost florida,driveway paver installers near me cost,2026-09-10T21:34:06Z
google,do i need a permit for a driveway in florida,do you need a permit for a driveway in florida,2026-09-10T21:34:06Z
google,do i need a permit for a driveway in florida,do you need a permit for a gravel driveway in florida,2026-09-10T21:34:06Z
google,do i need a permit for a driveway in florida,do you need a permit to replace a driveway in florida,2026-09-10T21:34:06Z
google,do i need a permit for a driveway in florida,do you need a permit to do your driveway,2026-09-10T21:34:06Z
google,do i need a permit for a driveway in florida,do you need a permit for a driveway,2026-09-10T21:34:06Z
google,do i need a permit for a driveway in florida,do you need a permit to put in a driveway,2026-09-10T21:34:06Z
google,do i need a permit for a driveway in florida,does a driveway need a permit,2026-09-10T21:34:06Z
bing,do i need a permit for a driveway in florida,do you need a permit for driveway,2026-09-10T21:34:06Z
bing,do i need a permit for a driveway in florida,florida dot driveway permit,2026-09-10T21:34:06Z
bing,do i need a permit for a driveway in florida,does a new driveway require a permit,2026-09-10T21:34:06Z
bing,do i need a permit for a driveway in florida,do you need permit to pave driveway,2026-09-10T21:34:06Z
bing,do i need a permit for a driveway in florida,is a permit required for driveway paving,2026-09-10T21:34:06Z
bing,do i need a permit for a driveway in florida,do you need permit for concrete driveway,2026-09-10T21:34:06Z
bing,do i need a permit for a driveway in florida,driving permit requirements in florida,2026-09-10T21:34:06Z
bing,do i need a permit for a driveway in florida,how to apply for a driveway permit,2026-09-10T21:34:06Z
bing,do i need a permit for a driveway in florida,driving permit in florida,2026-09-10T21:34:06Z
bing,do i need a permit for a driveway in florida,driveway permits miami dade,2026-09-10T21:34:06Z
bing,do i need a permit for a driveway in florida,florida drivers permit requirement,2026-09-10T21:34:06Z
bing,do i need a permit for a driveway in florida,miami dade driveway permit,2026-09-10T21:34:06Z
bing,do i need a permit for a driveway in florida,florida driving permit rules,2026-09-10T21:34:06Z
bing,do i need a permit for a driveway in florida,florida dmv driving permit requirements,2026-09-10T21:34:06Z
bing,do i need a permit for a driveway in florida,pinellas county driveway permit,2026-09-10T21:34:06Z
bing,do i need a permit for a driveway in florida,miami dade county driveway permit,2026-09-10T21:34:06Z
bing,do i need a permit for a driveway in florida,florida dmv driver's permit requirements,2026-09-10T21:34:06Z
google,do i need a permit for a concrete patio in florida,do i need a permit for a concrete patio in florida,2026-09-10T21:34:06Z
google,do i need a permit for a concrete patio in florida,do i need a permit for a concrete slab in florida,2026-09-10T21:34:06Z
google,do i need a permit for a concrete patio in florida,do you need a permit for a concrete patio,2026-09-10T21:34:06Z
google,do i need a permit for a concrete patio in florida,do you need a license to pour concrete in florida,2026-09-10T21:34:06Z
google,osceola county driveway permit,osceola county driveway permit,2026-09-10T21:34:06Z
google,osceola county driveway permit,oregon permit restrictions,2026-09-10T21:34:06Z
google,osceola county driveway permit,oregon permit laws,2026-09-10T21:34:06Z
google,osceola county driveway permit,oregon learner's permit rules,2026-09-10T21:34:06Z
google,osceola county driveway permit,oregon permit cost,2026-09-10T21:34:06Z
bing,osceola county driveway permit,osceola county driveway permit,2026-09-10T21:34:06Z
bing,osceola county driveway permit,osceola county permit department,2026-09-10T21:34:06Z
bing,osceola county driveway permit,osceola county fl permit,2026-09-10T21:34:06Z
bing,osceola county driveway permit,osceola county permit center,2026-09-10T21:34:06Z
bing,osceola county driveway permit,osceola county right of way permit,2026-09-10T21:34:06Z
bing,osceola county driveway permit,osceola county property permit,2026-09-10T21:34:06Z
bing,osceola county driveway permit,osceola county permit office,2026-09-10T21:34:06Z
bing,osceola county driveway permit,permits osceola county fl,2026-09-10T21:34:06Z
bing,osceola county driveway permit,osceola county permitting department,2026-09-10T21:34:06Z
bing,osceola county driveway permit,osceola county florida permits,2026-09-10T21:34:06Z
bing,osceola county driveway permit,osceola county permit application,2026-09-10T21:34:06Z
bing,osceola county driveway permit,osceola county fl permitting,2026-09-10T21:34:06Z
bing,osceola county driveway permit,osceola county permits online,2026-09-10T21:34:06Z
bing,osceola county driveway permit,osceola county permit forms,2026-09-10T21:34:06Z
bing,osceola county driveway permit,osceola county permit records,2026-09-10T21:34:06Z
bing,osceola county driveway permit,okaloosa county driveway permit,2026-09-10T21:34:06Z
bing,osceola county driveway permit,permit search osceola county,2026-09-10T21:34:06Z
bing,osceola county driveway permit,osceola county permitting online,2026-09-10T21:34:06Z
bing,osceola county driveway permit,osceola county florida permitting department,2026-09-10T21:34:06Z
bing,osceola county driveway permit,osceola county permitting forms,2026-09-10T21:34:06Z
bing,osceola county driveway permit,osceola county permitting office,2026-09-10T21:34:06Z
bing,osceola county driveway permit,osceola county permits search,2026-09-10T21:34:06Z
bing,osceola county driveway permit,city of osceola permitting,2026-09-10T21:34:06Z
bing,osceola county driveway permit,osceola county fl permit office,2026-09-10T21:34:06Z
google,concrete vs pavers driveway florida,pavers vs concrete driveway florida,2026-09-10T21:34:06Z
google,concrete vs pavers driveway florida,can you use concrete pavers for a driveway,2026-09-10T21:34:06Z
google,concrete vs pavers driveway florida,are concrete pavers good for driveways,2026-09-10T21:34:06Z
google,concrete vs pavers driveway florida,is concrete or pavers better,2026-09-10T21:34:06Z
google,concrete vs pavers driveway florida,which is cheaper pavers or concrete driveway,2026-09-10T21:34:06Z
google,concrete vs pavers driveway florida,is a paver driveway better than concrete,2026-09-10T21:34:06Z
bing,concrete vs pavers driveway florida,concrete vs pavers driveway,2026-09-10T21:34:06Z
bing,concrete vs pavers driveway florida,paver driveway vs concrete,2026-09-10T21:34:06Z
bing,concrete vs pavers driveway florida,driveway pavers vs concrete cost,2026-09-10T21:34:06Z
bing,concrete vs pavers driveway florida,concrete versus paver driveway,2026-09-10T21:34:06Z
bing,concrete vs pavers driveway florida,driveway with concrete and pavers,2026-09-10T21:34:06Z
bing,concrete vs pavers driveway florida,paver driveway cost vs concrete,2026-09-10T21:34:06Z
bing,concrete vs pavers driveway florida,concrete vs paved driveway,2026-09-10T21:34:06Z
bing,concrete vs pavers driveway florida,concrete pavers vs concrete,2026-09-10T21:34:06Z
bing,concrete vs pavers driveway florida,concrete vs pavers patio,2026-09-10T21:34:06Z
bing,concrete vs pavers driveway florida,is a paver driveway cheaper than concrete,2026-09-10T21:34:06Z
bing,concrete vs pavers driveway florida,cement and paver driveway,2026-09-10T21:34:06Z
google,travertine vs pavers pool deck,travertine vs pavers pool deck,2026-09-10T21:34:06Z
google,travertine vs pavers pool deck,travertine vs concrete pavers pool deck,2026-09-10T21:34:06Z
google,travertine vs pavers pool deck,travertine or pavers for pool deck,2026-09-10T21:34:06Z
google,travertine vs pavers pool deck,travertine pavers pool deck installation,2026-09-10T21:34:06Z
google,travertine vs pavers pool deck,travertine pavers pool deck cost,2026-09-10T21:34:06Z
google,travertine vs pavers pool deck,porcelain pavers vs travertine for pool deck,2026-09-10T21:34:06Z
google,travertine vs pavers pool deck,is travertine better than pavers,2026-09-10T21:34:06Z
google,travertine vs pavers pool deck,is travertine good for pool decks,2026-09-10T21:34:06Z
bing,travertine vs pavers pool deck,travertine vs pavers pool decking,2026-09-10T21:34:06Z
bing,travertine vs pavers pool deck,travertine pool deck pavers,2026-09-10T21:34:06Z
bing,travertine vs pavers pool deck,white travertine pavers pool deck,2026-09-10T21:34:06Z
bing,travertine vs pavers pool deck,pool with travertine deck,2026-09-10T21:34:06Z
bing,travertine vs pavers pool deck,travertine vs marble for pool decks,2026-09-10T21:34:06Z
bing,travertine vs pavers pool deck,travertine pavers around pool,2026-09-10T21:34:06Z
bing,travertine vs pavers pool deck,travertine stone for pool deck,2026-09-10T21:34:06Z
bing,travertine vs pavers pool deck,travertine decking for pool,2026-09-10T21:34:06Z
bing,travertine vs pavers pool deck,travertine tile for pool deck,2026-09-10T21:34:06Z
bing,travertine vs pavers pool deck,travertine tile for pool deck cost,2026-09-10T21:34:06Z
bing,travertine vs pavers pool deck,flagstone vs travertine for pool deck,2026-09-10T21:34:06Z
bing,travertine vs pavers pool deck,cost of travertine pool deck,2026-09-10T21:34:06Z
bing,travertine vs pavers pool deck,pools with travertine decking,2026-09-10T21:34:06Z
bing,travertine vs pavers pool deck,travertine pool deck pictures,2026-09-10T21:34:06Z
bing,travertine vs pavers pool deck,silver travertine pool deck,2026-09-10T21:34:06Z
bing,travertine vs pavers pool deck,travertine pool deck problems,2026-09-10T21:34:06Z
bing,travertine vs pavers pool deck,pictures of travertine pool decks,2026-09-10T21:34:06Z
bing,travertine vs pavers pool deck,travertine pool decking colors,2026-09-10T21:34:06Z
bing,travertine vs pavers pool deck,travertine for pool area,2026-09-10T21:34:06Z
google,paver sealing,paver sealing near me,2026-09-10T21:34:06Z
google,paver sealing,paver sealing orlando,2026-09-10T21:34:06Z
google,paver sealing,paver sealing,2026-09-10T21:34:06Z
google,paver sealing,paver sealing companies near me,2026-09-10T21:34:06Z
google,paver sealing,paver sealing cost,2026-09-10T21:34:06Z
google,paver sealing,paver sealing sand,2026-09-10T21:34:06Z
google,paver sealing,paver sealing melbourne fl,2026-09-10T21:34:06Z
google,paver sealing,paver sealing before and after,2026-09-10T21:34:06Z
google,paver sealing,paver sealing palm coast,2026-09-10T21:34:06Z
google,paver sealing,paver sealing bucket sprayer,2026-09-10T21:34:06Z
bing,paver sealing,paver sealing,2026-09-10T21:34:06Z
bing,paver sealing,paver sealing near me,2026-09-10T21:34:06Z
bing,paver sealing,paver sealing orlando,2026-09-10T21:34:06Z
bing,paver sealing,paver sealing companies near me,2026-09-10T21:34:06Z
bing,paver sealing,paver sealing melbourne fl,2026-09-10T21:34:06Z
bing,paver sealing,paver sealing jacksonville fl,2026-09-10T21:34:06Z
bing,paver sealing,paver sealing ormond beach,2026-09-10T21:34:06Z
bing,paver sealing,paver sealing fort myers touchstone pavers,2026-09-10T21:34:06Z
bing,paver sealing,paver sealing in tallahassee,2026-09-10T21:34:06Z
bing,paver sealing,paver sealing and restoration,2026-09-10T21:34:06Z
bing,paver sealing,paver sealing services near me,2026-09-10T21:34:06Z
bing,paver sealing,paver sealing sarasota,2026-09-10T21:34:06Z
bing,paver sealing,paver sealing sarasota touchstone pavers,2026-09-10T21:34:06Z
bing,paver sealing,paver sealing companies near me cost,2026-09-10T21:34:06Z
bing,paver sealing,paver sealing cape coral touchstone pavers,2026-09-10T21:34:06Z
bing,paver sealing,paver sealing tampa,2026-09-10T21:34:06Z
bing,paver sealing,paver sealing companies near me free estimate,2026-09-10T21:34:06Z
bing,paver sealing,paver sealing florida,2026-09-10T21:34:06Z
bing,paver sealing,paver sealing las vegas,2026-09-10T21:34:06Z
bing,paver sealing,paver sealing lakeland fl,2026-09-10T21:34:06Z
bing,paver sealing,paver sealing fort myers,2026-09-10T21:34:06Z
bing,paver sealing,paver sealing delaware,2026-09-10T21:34:06Z
bing,paver sealing,paver sealing tampa fl,2026-09-10T21:34:06Z
bing,paver sealing,paver sealing venice fl,2026-09-10T21:34:06Z
bing,paver sealing,paver sealing bradenton fl,2026-09-10T21:34:06Z
google,how thick should a concrete driveway be,how thick should a concrete driveway be,2026-09-10T21:34:06Z
google,how thick should a concrete driveway be,how thick should a concrete driveway be poured,2026-09-10T21:34:06Z
google,how thick should a concrete driveway be,how thick should a concrete driveway be in wisconsin,2026-09-10T21:34:06Z
google,how thick should a concrete driveway be,how thick should a concrete driveway be australia,2026-09-10T21:34:06Z
google,how thick should a concrete driveway be,how thick should a concrete driveway be with rebar,2026-09-10T21:34:06Z
google,how thick should a concrete driveway be,how thick should a concrete driveway be nz,2026-09-10T21:34:06Z
google,how thick should a concrete driveway be,how thick should a concrete driveway be in michigan,2026-09-10T21:34:06Z
google,how thick should a concrete driveway be,how thick should a concrete driveway be in inches,2026-09-10T21:34:06Z
google,how thick should a concrete driveway be,how thick should a concrete driveway be in ontario,2026-09-10T21:34:06Z
google,how thick should a concrete driveway be,how thick should a concrete driveway be in florida,2026-09-10T21:34:06Z
bing,how thick should a concrete driveway be,how thick should a concrete driveway be,2026-09-10T21:34:06Z
bing,how thick should a concrete driveway be,how thick should concrete driveway be poured,2026-09-10T21:34:06Z
bing,why does concrete crack in florida,why does concrete crack,2026-09-10T21:34:06Z
bing,why does concrete crack in florida,why does concrete crack over time,2026-09-10T21:34:06Z
bing,why does concrete crack in florida,why is my concrete cracking,2026-09-10T21:34:06Z
bing,why does concrete crack in florida,what causes cracks in concrete,2026-09-10T21:34:06Z
bing,why does concrete crack in florida,what makes concrete crack,2026-09-10T21:34:06Z
bing,why does concrete crack in florida,why does concrete crack after pouring,2026-09-10T21:34:06Z
bing,why does concrete crack in florida,reasons for concrete cracking,2026-09-10T21:34:06Z
bing,why does concrete crack in florida,why do concrete driveways crack,2026-09-10T21:34:06Z
bing,why does concrete crack in florida,crack in concrete foundation,2026-09-10T21:34:06Z
bing,why does concrete crack in florida,causes of cracks in concrete slabs,2026-09-10T21:34:06Z
bing,why does concrete crack in florida,what causes cracks in concrete driveway,2026-09-10T21:34:06Z
bing,why does concrete crack in florida,surface cracks in concrete,2026-09-10T21:34:06Z
bing,why does concrete crack in florida,crazing cracks in concrete,2026-09-10T21:34:06Z
bing,why does concrete crack in florida,what causes cement to crack,2026-09-10T21:34:06Z
bing,why does concrete crack in florida,reasons for cracks in concrete,2026-09-10T21:34:06Z
bing,why does concrete crack in florida,why does freshly poured concrete crack,2026-09-10T21:34:06Z
bing,why does concrete crack in florida,causes of cracks in concrete pavement,2026-09-10T21:34:06Z
bing,rust stains on driveway florida,what causes rust stains on concrete driveway,2026-09-10T21:34:06Z
bing,rust stains on driveway florida,driveway rust stain remover,2026-09-10T21:34:06Z
bing,rust stains on driveway florida,how to get rust off driveway,2026-09-10T21:34:06Z
bing,rust stains on driveway florida,remove rust stains from concrete driveway,2026-09-10T21:34:06Z
bing,rust stains on driveway florida,removing rust stains from concrete driveway,2026-09-10T21:34:06Z
bing,rust stains on driveway florida,how to remove rust from driveway,2026-09-10T21:34:06Z
bing,rust stains on driveway florida,rust removal from concrete driveway,2026-09-10T21:34:06Z
bing,rust stains on driveway florida,how to get rust off concrete driveway,2026-09-10T21:34:06Z
bing,rust stains on driveway florida,how to remove rust stains from sidewalk,2026-09-10T21:34:06Z
bing,rust stains on driveway florida,how to clean rust off concrete driveway,2026-09-10T21:34:06Z
bing,rust stains on driveway florida,rust remover for concrete driveway,2026-09-10T21:34:06Z
bing,rust stains on driveway florida,how to remove rust from concrete driveway,2026-09-10T21:34:06Z
bing,rust stains on driveway florida,how to clean rust off cement driveway,2026-09-10T21:34:06Z
bing,rust stains on driveway florida,rust stains on concrete,2026-09-10T21:34:06Z
bing,rust stains on driveway florida,removing rust from concrete driveway,2026-09-10T21:34:06Z
bing,rust stains on driveway florida,concrete stain made for florida driveways,2026-09-10T21:34:06Z
bing,rust stains on driveway florida,do cars rust in florida,2026-09-10T21:34:06Z
bing,rust stains on driveway florida,remove rust stains from asphalt driveway,2026-09-10T21:34:06Z
bing,rust stains on driveway florida,removing rust marks from resin driveway,2026-09-10T21:34:06Z
bing,rust stains on driveway florida,rust stains on patio slabs,2026-09-10T21:34:06Z
bing,rust stains on driveway florida,rust stain remover patio,2026-09-10T21:34:06Z
google,polymeric sand,polymeric sand,2026-09-10T21:34:06Z
google,polymeric sand,polymeric sand for pavers,2026-09-10T21:34:06Z
google,polymeric sand,polymeric sand home depot,2026-09-10T21:34:06Z
google,polymeric sand,polymeric sand lowes,2026-09-10T21:34:06Z
google,polymeric sand,polymeric sand near me,2026-09-10T21:34:06Z
google,polymeric sand,polymeric sand colors,2026-09-10T21:34:06Z
google,polymeric sand,polymeric sand how to use,2026-09-10T21:34:06Z
google,polymeric sand,polymeric sand calculator,2026-09-10T21:34:06Z
google,polymeric sand,polymeric sand for flagstone,2026-09-10T21:34:06Z
google,polymeric sand,polymeric sand vs paver sand,2026-09-10T21:34:06Z
bing,polymeric sand,polymeric sand,2026-09-10T21:34:06Z
bing,polymeric sand,polymeric sand for pavers,2026-09-10T21:34:06Z
bing,polymeric sand,polymeric sand home depot,2026-09-10T21:34:06Z
bing,polymeric sand,polymeric sand lowes,2026-09-10T21:34:06Z
bing,polymeric sand,polymeric sand calculator,2026-09-10T21:34:06Z
bing,polymeric sand,polymeric sand near me,2026-09-10T21:34:06Z
bing,polymeric sand,polymeric sand colors,2026-09-10T21:34:06Z
bing,polymeric sand,polymeric sand store,2026-09-10T21:34:06Z
bing,polymeric sand,polymeric sand perth,2026-09-10T21:34:06Z
bing,polymeric sand,polymeric sand menards,2026-09-10T21:34:06Z
bing,polymeric sand,polymeric sand bunnings,2026-09-10T21:34:06Z
bing,polymeric sand,polymeric sand installation,2026-09-10T21:34:06Z
bing,polymeric sand,polymeric sand uk,2026-09-10T21:34:06Z
bing,polymeric sand,polymeric sand for flagstone,2026-09-10T21:34:06Z
bing,polymeric sand,polymeric sand black,2026-09-10T21:34:06Z
bing,polymeric sand,polymeric sand coverage,2026-09-10T21:34:06Z
bing,polymeric sand,polymeric sand reviews,2026-09-10T21:34:06Z
bing,polymeric sand,polymeric sand for pavers home depot,2026-09-10T21:34:06Z
bing,polymeric sand,polymeric sand for block paving,2026-09-10T21:34:06Z
bing,polymeric sand,polymeric sand for pavers near me,2026-09-10T21:34:06Z
bing,polymeric sand,polymeric sand concentrate,2026-09-10T21:34:06Z
google,stamped concrete vs pavers,stamped concrete vs pavers,2026-09-10T21:34:06Z
google,stamped concrete vs pavers,stamped concrete vs pavers cost,2026-09-10T21:34:06Z
google,stamped concrete vs pavers,stamped concrete vs pavers patio,2026-09-10T21:34:06Z
google,stamped concrete vs pavers,stamped concrete vs pavers pros and cons,2026-09-10T21:34:06Z
google,stamped concrete vs pavers,stamped concrete vs pavers cost per square foot,2026-09-10T21:34:06Z
google,stamped concrete vs pavers,stamped concrete vs pavers around pool,2026-09-10T21:34:06Z
google,stamped concrete vs pavers,stamped concrete vs pavers reddit,2026-09-10T21:34:06Z
google,stamped concrete vs pavers,stamped concrete vs pavers for driveway,2026-09-10T21:34:06Z
google,stamped concrete vs pavers,stamped concrete vs pavers for pool deck,2026-09-10T21:34:06Z
google,stamped concrete vs pavers,stamped concrete vs pavers cost reddit,2026-09-10T21:34:06Z
bing,stamped concrete vs pavers,stamped concrete vs pavers,2026-09-10T21:34:06Z
bing,stamped concrete vs pavers,stamped concrete vs pavers pros and cons,2026-09-10T21:34:06Z
bing,stamped concrete vs pavers,stamped concrete vs pavers cost,2026-09-10T21:34:06Z
bing,stamped concrete vs pavers,stamped concrete vs pavers around pool,2026-09-10T21:34:06Z
bing,stamped concrete vs pavers,stamped concrete vs pavers reddit,2026-09-10T21:34:06Z
bing,stamped concrete vs pavers,stamped concrete patio vs pavers,2026-09-10T21:34:06Z
bing,stamped concrete vs pavers,stamped concrete vs brick pavers,2026-09-10T21:34:06Z
google,concrete driveway replacement,concrete driveway replacement near me,2026-09-10T21:34:06Z
google,concrete driveway replacement,concrete driveway replacement,2026-09-10T21:34:06Z
google,concrete driveway replacement,concrete driveway replacement cost,2026-09-10T21:34:06Z
google,concrete driveway replacement,concrete driveway replacement companies near me,2026-09-10T21:34:06Z
google,concrete driveway replacement,concrete driveway replacement contractors,2026-09-10T21:34:06Z
google,concrete driveway replacement,concrete driveway replacement cost per square foot,2026-09-10T21:34:06Z
google,concrete driveway replacement,concrete driveway replacement cost calculator,2026-09-10T21:34:06Z
google,concrete driveway replacement,concrete driveway replacement companies,2026-09-10T21:34:06Z
google,concrete driveway replacement,concrete driveway replacement cost near me,2026-09-10T21:34:06Z
google,concrete driveway replacement,concrete driveway replacement edmonton,2026-09-10T21:34:06Z
bing,concrete driveway replacement,concrete driveway replacement,2026-09-10T21:34:06Z
bing,concrete driveway replacement,concrete driveway replacement near me,2026-09-10T21:34:06Z
bing,concrete driveway replacement,concrete driveway replacement cost,2026-09-10T21:34:06Z
bing,concrete driveway replacement,concrete driveway replacement diy,2026-09-10T21:34:06Z
bing,concrete driveway replacement,concrete driveway replacement tips,2026-09-10T21:34:06Z
bing,concrete driveway replacement,concrete driveway replacement cost uk,2026-09-10T21:34:06Z
bing,concrete driveway replacement,concrete driveway replacement process,2026-09-10T21:34:06Z
bing,concrete driveway replacement,concrete driveway replacement columbia md,2026-09-10T21:34:06Z
bing,concrete driveway replacement,concrete driveway replacement calculator,2026-09-10T21:34:06Z
bing,concrete driveway replacement,concrete driveway replacement cost factors,2026-09-10T21:34:06Z
bing,concrete driveway replacement,concrete driveway replacement cost savings,2026-09-10T21:34:06Z
bing,concrete driveway replacement,concrete driveway replacement cost australia,2026-09-10T21:34:06Z
bing,concrete driveway replacement,concrete driveway replacement cost breakdown,2026-09-10T21:34:06Z
bing,concrete driveway replacement,concrete driveway replacement cost vs asphalt,2026-09-10T21:34:06Z
bing,concrete driveway replacement,concrete driveway replacement cost near me,2026-09-10T21:34:06Z
google,paver driveway repair,paver driveway repair near me,2026-09-10T21:34:06Z
google,paver driveway repair,paver driveway repair,2026-09-10T21:34:06Z
google,paver driveway repair,paver driveway repair cost,2026-09-10T21:34:06Z
google,paver driveway repair,paver driveway repair boca raton,2026-09-10T21:34:06Z
google,paver driveway repair,paving driveway repairs near me,2026-09-10T21:34:06Z
google,paver driveway repair,paving driveway repair,2026-09-10T21:34:06Z
google,paver driveway repair,driveway paving repair cost,2026-09-10T21:34:06Z
google,paver driveway repair,paver driveway maintenance,2026-09-10T21:34:06Z
google,paver driveway repair,brick paver driveway repair,2026-09-10T21:34:06Z
google,paver driveway repair,asphalt paver repair,2026-09-10T21:34:06Z
bing,paver driveway repair,paver driveway repair,2026-09-10T21:34:06Z
bing,paver driveway repair,paver driveway repair near me reviews,2026-09-10T21:34:06Z
bing,paver driveway repair,paver driveway repair near me,2026-09-10T21:34:06Z
bing,paver driveway repair,paver driveway repair near me cost,2026-09-10T21:34:06Z
bing,paver driveway repair,paver driveway repair near me free estimate,2026-09-10T21:34:06Z
bing,paver driveway repair,driveway paver repair diy,2026-09-10T21:34:06Z
bing,paver driveway repair,driveway paver repair kit,2026-09-10T21:34:06Z
bing,paver driveway repair,driveway paver repair reviews,2026-09-10T21:34:06Z
bing,paver driveway repair,driveway paver repair tips,2026-09-10T21:34:06Z
google,epoxy garage floor orlando,epoxy garage floor orlando,2026-09-10T21:34:06Z
google,epoxy garage floor orlando,epoxy garage floor orlando fl,2026-09-10T21:34:06Z
google,epoxy garage floor orlando,epoxy garage floor issues,2026-09-10T21:34:06Z
google,epoxy garage floor orlando,epoxy garage floor examples,2026-09-10T21:34:06Z
google,epoxy garage floor orlando,how to professionally epoxy a garage floor,2026-09-10T21:34:06Z
google,epoxy garage floor orlando,how much does a garage epoxy floor cost,2026-09-10T21:34:06Z
bing,epoxy garage floor orlando,epoxy garage floor companies in orlando,2026-09-10T21:34:06Z
bing,epoxy garage floor orlando,orlando garage floor epoxy,2026-09-10T21:34:06Z
bing,epoxy garage floor orlando,epoxy garage floor companies in florida,2026-09-10T21:34:06Z
bing,epoxy garage floor orlando,epoxy garage floor miami,2026-09-10T21:34:06Z
bing,epoxy garage floor orlando,epoxy garage floor odessa fl,2026-09-10T21:34:06Z
bing,epoxy garage floor orlando,epoxy garage floor company,2026-09-10T21:34:06Z
bing,epoxy garage floor orlando,garage floor epoxy company near me,2026-09-10T21:34:06Z
bing,epoxy garage floor orlando,epoxy garage floor near me contractors,2026-09-10T21:34:06Z
bing,epoxy garage floor orlando,epoxy garage floor contractors,2026-09-10T21:34:06Z
bing,epoxy garage floor orlando,garage floor epoxy lakeland fl,2026-09-10T21:34:06Z
bing,epoxy garage floor orlando,epoxy garage floor near me,2026-09-10T21:34:06Z
bing,epoxy garage floor orlando,epoxy garage floor companies near me,2026-09-10T21:34:06Z
bing,epoxy garage floor orlando,garage floor epoxy company near me reviews,2026-09-10T21:34:06Z
bing,epoxy garage floor orlando,epoxy garage floor companies reviews,2026-09-10T21:34:06Z
bing,epoxy garage floor orlando,garage floor epoxy contractor,2026-09-10T21:34:06Z
bing,epoxy garage floor orlando,epoxy garage floor st augustine fl,2026-09-10T21:34:06Z
bing,epoxy garage floor orlando,garage epoxy floors llc,2026-09-10T21:34:06Z
bing,epoxy garage floor orlando,epoxy garage flooring llc,2026-09-10T21:34:06Z
google,stucco repair kissimmee,stucco repair kissimmee,2026-09-10T21:34:06Z
google,stucco repair kissimmee,stucco repair kissimmee fl,2026-09-10T21:34:06Z
google,stucco repair kissimmee,stucco repair near me,2026-09-10T21:34:06Z
google,stucco repair kissimmee,stucco repair cost,2026-09-10T21:34:06Z
google,stucco repair kissimmee,stucco repair process,2026-09-10T21:34:06Z
google,stucco repair kissimmee,are stucco cracks normal,2026-09-10T21:34:06Z
google,concrete contractors near me,concrete contractors near me,2026-09-10T21:34:06Z
google,concrete contractors near me,concrete contractors orange county,2026-09-10T21:34:06Z
google,concrete contractors near me,concrete contractors near me within 20 mi,2026-09-10T21:34:06Z
google,concrete contractors near me,concrete contractors near me small job,2026-09-10T21:34:06Z
google,concrete contractors near me,concrete contractors near me within 5 mi,2026-09-10T21:34:06Z
google,concrete contractors near me,concrete contractors near me prices,2026-09-10T21:34:06Z
google,concrete contractors near me,concrete contractors near me hiring,2026-09-10T21:34:06Z
google,concrete contractors near me,concrete contractors near me residential,2026-09-10T21:34:06Z
google,concrete contractors near me,concrete contractors near me open now,2026-09-10T21:34:06Z
google,concrete contractors near me,concrete contractors near me that offer financing options,2026-09-10T21:34:06Z
bing,concrete contractors near me,concrete contractors near me,2026-09-10T21:34:06Z
bing,concrete contractors near me,concrete contractors near me residential,2026-09-10T21:34:06Z
bing,concrete contractors near me,concrete contractors near me prices,2026-09-10T21:34:06Z
bing,concrete contractors near me,concrete contractors near me free estimates,2026-09-10T21:34:06Z
bing,concrete contractors near me,concrete contractors near me reviews,2026-09-10T21:34:06Z
bing,concrete contractors near me,concrete contractors near me commercial,2026-09-10T21:34:06Z
bing,concrete contractors near me,concrete contractors near me small job,2026-09-10T21:34:06Z
bing,concrete contractors near me,concrete contractors near me driveway,2026-09-10T21:34:06Z
bing,concrete contractors near me,concrete contractors near me yelp,2026-09-10T21:34:06Z
bing,concrete contractors near me,concrete contractors near me with financing,2026-09-10T21:34:06Z
bing,concrete contractors near me,concrete contractors near me industrial,2026-09-10T21:34:06Z
bing,concrete contractors near me,concrete contractors near me yellow pages,2026-09-10T21:34:06Z
bing,concrete contractors near me,concrete contractors near me 23059,2026-09-10T21:34:06Z
bing,concrete contractors near me,concrete contractors near me in east troy wi,2026-09-10T21:34:06Z
google,pavers near me,pavers orlando,2026-09-10T21:34:06Z
google,pavers near me,pavers winter garden,2026-09-10T21:34:06Z
google,pavers near me,pavers near me,2026-09-10T21:34:06Z
google,pavers near me,pavers near me for sale,2026-09-10T21:34:06Z
google,pavers near me,pavers near me now,2026-09-10T21:34:06Z
google,pavers near me,pavers near me open now,2026-09-10T21:34:06Z
google,pavers near me,pavers near me cheap,2026-09-10T21:34:06Z
google,pavers near me,pavers near me prices,2026-09-10T21:34:06Z
google,pavers near me,pavers near me supply,2026-09-10T21:34:06Z
google,pavers near me,pavers near me within 5 mi,2026-09-10T21:34:06Z
bing,pavers near me,pavers near me,2026-09-10T21:34:06Z
bing,pavers near me,pavers near me for sale,2026-09-10T21:34:06Z
bing,pavers near me,pavers near me reviews,2026-09-10T21:34:06Z
bing,pavers near me,pavers near me cheap,2026-09-10T21:34:06Z
bing,pavers near me,pavers near me cost,2026-09-10T21:34:06Z
bing,pavers near me,pavers near me installation,2026-09-10T21:34:06Z
bing,pavers near me,pavers near me map,2026-09-10T21:34:06Z
bing,pavers near me,pavers near me shoes,2026-09-10T21:34:06Z
bing,pavers near me,concrete pavers near me,2026-09-10T21:34:06Z
bing,pavers near me,patio pavers near me,2026-09-10T21:34:06Z
google,cement driveway,cement driveway,2026-09-10T21:34:06Z
google,cement driveway,cement driveway cost,2026-09-10T21:34:06Z
google,cement driveway,cement driveway repair,2026-09-10T21:34:06Z
google,cement driveway,cement driveway contractors near me,2026-09-10T21:34:06Z
google,cement driveway,cement driveway sealer,2026-09-10T21:34:06Z
google,cement driveway,cement driveway crack filler,2026-09-10T21:34:06Z
google,cement driveway,cement driveway cleaner,2026-09-10T21:34:06Z
google,cement driveway,cement driveway near me,2026-09-10T21:34:06Z
google,cement driveway,cement driveway contractors,2026-09-10T21:34:06Z
google,cement driveway,cement driveway repair near me,2026-09-10T21:34:06Z
bing,cement driveway,cement driveway,2026-09-10T21:34:06Z
bing,cement driveway,cement driveway contractors,2026-09-10T21:34:06Z
bing,cement driveway,cement driveway repair,2026-09-10T21:34:06Z
bing,cement driveway,cement driveway sealer,2026-09-10T21:34:06Z
bing,cement driveway,cement driveway contractors near me,2026-09-10T21:34:06Z
bing,cement driveway,cement driveway cost,2026-09-10T21:34:06Z
bing,cement driveway,cement driveway companies near me cost,2026-09-10T21:34:06Z
bing,cement driveway,cement driveway repair near me,2026-09-10T21:34:06Z
bing,cement driveway,cement driveway contractors near me cost,2026-09-10T21:34:06Z
bing,cement driveway,cement driveway companies near me reviews,2026-09-10T21:34:06Z
bing,cement driveway,cement driveway contractors near me reviews,2026-09-10T21:34:06Z
google,how much does a 2 car concrete driveway cost,how much does a 2 car concrete driveway cost,2026-09-10T21:34:06Z
google,how much does a 2 car concrete driveway cost,how much does it cost to pour a two car driveway,2026-09-10T21:34:06Z
google,how much does a 2 car concrete driveway cost,how much does a 3 car concrete driveway cost,2026-09-10T21:34:06Z
google,how much does a 2 car concrete driveway cost,how much to pour a 2 car driveway,2026-09-10T21:34:06Z
google,how much does a 2 car concrete driveway cost,how much is a two car driveway,2026-09-10T21:34:06Z
bing,how much does a 2 car concrete driveway cost,how much does a 2 car concrete driveway cost,2026-09-10T21:34:06Z
bing,how much does a 2 car concrete driveway cost,how much does a concrete driveway cost,2026-09-10T21:34:06Z
bing,how much does a 2 car concrete driveway cost,how much is concrete for a driveway,2026-09-10T21:34:06Z
bing,how much does a 2 car concrete driveway cost,cost of a concrete driveway,2026-09-10T21:34:06Z
bing,how much does a 2 car concrete driveway cost,cost to put in a concrete driveway,2026-09-10T21:34:06Z
bing,how much does a 2 car concrete driveway cost,concrete driveway cost per m2,2026-09-10T21:34:06Z
bing,how much does a 2 car concrete driveway cost,price of a concrete driveway,2026-09-10T21:34:06Z
bing,how much does a 2 car concrete driveway cost,cost for new driveway concrete,2026-09-10T21:34:06Z
bing,how much does a 2 car concrete driveway cost,two car driveway cost,2026-09-10T21:34:06Z
google,how long before you can drive on new concrete,how long before you can drive on new concrete,2026-09-10T21:34:06Z
google,how long before you can drive on new concrete,how long before you can drive on new concrete driveway,2026-09-10T21:34:06Z
google,how long before you can drive on new concrete,how long before you can drive on new concrete nz,2026-09-10T21:34:06Z
google,how long before you can drive on new concrete,how long before you can walk on new concrete,2026-09-10T21:34:06Z
google,how long before you can drive on new concrete,how long before you can park on new concrete,2026-09-10T21:34:06Z
google,how long before you can drive on new concrete,how long until you can drive on new concrete,2026-09-10T21:34:06Z
google,how long before you can drive on new concrete,how long before you can park on new concrete driveway,2026-09-10T21:34:06Z
google,how long before you can drive on new concrete,how long until you can drive on new concrete driveway,2026-09-10T21:34:06Z
google,how long before you can drive on new concrete,how long before you can walk on new concrete driveway,2026-09-10T21:34:06Z
google,how long before you can drive on new concrete,how long before you can walk on new concrete patio,2026-09-10T21:34:06Z
bing,how long before you can drive on new concrete,how long before you can drive on new concrete,2026-09-10T21:34:06Z
bing,how long before you can drive on new concrete,how long before you drive on new concrete,2026-09-10T21:34:06Z
bing,how long before you can drive on new concrete,how long before drive on new concrete,2026-09-10T21:34:06Z
bing,how long before you can drive on new concrete,how long before i can drive on new concrete,2026-09-10T21:34:06Z
bing,how long before you can drive on new concrete,when can you drive on concrete,2026-09-10T21:34:06Z
bing,how long before you can drive on new concrete,how long before driving on concrete,2026-09-10T21:34:06Z
bing,how long before you can drive on new concrete,new concrete driveway how long before driving,2026-09-10T21:34:06Z
bing,how long before you can drive on new concrete,how long before driving on concrete driveway,2026-09-10T21:34:06Z
bing,how long before you can drive on new concrete,when can you drive on fresh concrete,2026-09-10T21:34:06Z
bing,how long before you can drive on new concrete,when can you drive on concrete driveway,2026-09-10T21:34:06Z
bing,how long before you can drive on new concrete,concrete driveway how long to drive on,2026-09-10T21:34:06Z
bing,how long before you can drive on new concrete,how long before driving on new driveway,2026-09-10T21:34:06Z
bing,how long before you can drive on new concrete,how long before parking on new concrete,2026-09-10T21:34:06Z
bing,how long before you can drive on new concrete,how long before parking on new driveway,2026-09-10T21:34:06Z
bing,how long before you can drive on new concrete,how long before walking on new concrete,2026-09-10T21:34:06Z
bing,how long before you can drive on new concrete,how long to park on new concrete,2026-09-10T21:34:06Z
bing,how long before you can drive on new concrete,how long before drive on sealed driveway,2026-09-10T21:34:06Z
bing,how long before you can drive on new concrete,how long before driving on asphalt driveway,2026-09-10T21:34:06Z
bing,how long before you can drive on new concrete,how long should concrete cure before driving,2026-09-10T21:34:06Z
bing,how long before you can drive on new concrete,how long can concrete sit in truck,2026-09-10T21:34:06Z
bing,how long before you can drive on new concrete,how long can concrete stay in truck,2026-09-10T21:34:06Z
bing,how long before you can drive on new concrete,how long before driving on sealed driveway,2026-09-10T21:34:06Z
bing,how long before you can drive on new concrete,how long before i can drive,2026-09-10T21:34:06Z
google,hoa approval for pavers,do you need hoa approval for pavers,2026-09-10T21:34:06Z
google,hoa approval for pavers,what happens if you build a patio without hoa approval,2026-09-10T21:34:06Z
google,hoa approval for pavers,do you need hoa approval for landscaping,2026-09-10T21:34:06Z
google,hoa approval for pavers,do you need permission from hoa approval for backyard,2026-09-10T21:34:06Z
google,hoa approval for pavers,do you need hoa approval for backyard,2026-09-10T21:34:06Z
google,hoa approval for pavers,hoa approval requirements,2026-09-10T21:34:06Z
bing,hoa approval for pavers,architectural approval for hoa,2026-09-10T21:34:06Z
bing,hoa approval for pavers,do you need hoa approval for landscaping,2026-09-10T21:34:06Z
bing,hoa approval for pavers,what is a hoa approval,2026-09-10T21:34:06Z
bing,hoa approval for pavers,certificate of approval hoa,2026-09-10T21:34:06Z
bing,hoa approval for pavers,do you need hoa approval for backyard,2026-09-10T21:34:06Z
bing,hoa approval for pavers,hoa architectural approval form,2026-09-10T21:34:06Z
bing,hoa approval for pavers,hoa website providers recommendations,2026-09-10T21:34:06Z
bing,hoa approval for pavers,hoa website providers guide,2026-09-10T21:34:06Z
google,can you pour concrete in the rain,can you pour concrete in the rain,2026-09-10T21:34:06Z
google,can you pour concrete in the rain,can you pour concrete in the rain for fence posts,2026-09-10T21:34:06Z
google,can you pour concrete in the rain,can you pour concrete in the rain nz,2026-09-10T21:34:06Z
google,can you pour concrete in the rain,can you lay concrete in the rain,2026-09-10T21:34:06Z
google,can you pour concrete in the rain,can you pour cement in the rain,2026-09-10T21:34:06Z
google,can you pour concrete in the rain,can they pour concrete in the rain,2026-09-10T21:34:06Z
google,can you pour concrete in the rain,what happens if you pour concrete in the rain,2026-09-10T21:34:06Z
google,can you pour concrete in the rain,can you lay concrete in the rain uk,2026-09-10T21:34:06Z
google,can you pour concrete in the rain,do.you pour.concrete in the rain,2026-09-10T21:34:06Z
google,can you pour concrete in the rain,can you pour concrete footings in the rain,2026-09-10T21:34:06Z
bing,can you pour concrete in the rain,can you pour concrete in the rain,2026-09-10T21:34:06Z
bing,can you pour concrete in the rain,can you pour concrete in the winter,2026-09-10T21:34:06Z
bing,can you pour concrete in the rain,can you pour concrete in the cold,2026-09-10T21:34:06Z
bing,can you pour concrete in the rain,can you pour concrete in the heat,2026-09-10T21:34:06Z
bing,can you pour concrete in the rain,can you pour concrete in the snow,2026-09-10T21:34:06Z
bing,can you pour concrete in the rain,cant pour concrete in rain,2026-09-10T21:34:06Z
bing,can you pour concrete in the rain,pour concrete in the rain,2026-09-10T21:34:06Z
bing,can you pour concrete in the rain,can you pour concrete footings in the rain,2026-09-10T21:34:06Z
google,concrete pool deck resurfacing,concrete pool deck resurfacing,2026-09-10T21:34:06Z
google,concrete pool deck resurfacing,concrete pool deck resurfacing near me,2026-09-10T21:34:06Z
google,concrete pool deck resurfacing,concrete pool deck resurfacing cost,2026-09-10T21:34:06Z
google,concrete pool deck resurfacing,concrete pool deck resurfacing companies near me,2026-09-10T21:34:06Z
google,concrete pool deck resurfacing,concrete pool deck resurfacing products,2026-09-10T21:34:06Z
google,concrete pool deck resurfacing,concrete pool deck resurfacing options,2026-09-10T21:34:06Z
google,concrete pool deck resurfacing,concrete pool deck resurfacing ideas,2026-09-10T21:34:06Z
google,concrete pool deck resurfacing,concrete pool deck resurfacing diy,2026-09-10T21:34:06Z
google,concrete pool deck resurfacing,concrete pool deck resurfacing companies,2026-09-10T21:34:06Z
google,concrete pool deck resurfacing,concrete pool deck resurfacing before and after,2026-09-10T21:34:06Z
bing,concrete pool deck resurfacing,concrete pool deck resurfacing,2026-09-10T21:34:06Z
bing,concrete pool deck resurfacing,concrete pool deck resurfacing near me,2026-09-10T21:34:06Z
bing,concrete pool deck resurfacing,concrete pool deck resurfacing options,2026-09-10T21:34:06Z
bing,concrete pool deck resurfacing,concrete pool deck resurfacing cost,2026-09-10T21:34:06Z
bing,concrete pool deck resurfacing,concrete pool deck resurfacing material,2026-09-10T21:34:06Z
bing,concrete pool deck resurfacing,concrete pool deck resurfacing companies,2026-09-10T21:34:06Z
bing,concrete pool deck resurfacing,diy concrete pool deck resurfacing options,2026-09-10T21:34:06Z
google,cool deck vs pavers,cool deck vs pavers,2026-09-10T21:34:06Z
google,cool deck vs pavers,which is better deck or pavers,2026-09-10T21:34:06Z
google,cool deck vs pavers,cool deck vs concrete,2026-09-10T21:34:06Z
google,cool deck vs pavers,pros and cons of deck vs patio,2026-09-10T21:34:06Z
bing,cool deck vs pavers,cool deck pavers,2026-09-10T21:34:06Z
bing,cool deck vs pavers,paver patio vs deck,2026-09-10T21:34:06Z
bing,cool deck vs pavers,wood deck vs paver patio,2026-09-10T21:34:06Z
bing,cool deck vs pavers,is a deck or pavers cheaper,2026-09-10T21:34:06Z
bing,cool deck vs pavers,floating deck vs pavers,2026-09-10T21:34:06Z
bing,cool deck vs pavers,best performing pavers around pool deck,2026-09-10T21:34:06Z
bing,cool deck vs pavers,best pavers for pool deck,2026-09-10T21:34:06Z
bing,cool deck vs pavers,pavers on a wooden deck,2026-09-10T21:34:06Z
bing,cool deck vs pavers,pavers over concrete pool deck,2026-09-10T21:34:06Z
bing,cool deck vs pavers,cool deck on patio,2026-09-10T21:34:06Z
bing,cool deck vs pavers,best patio pavers for cold climate,2026-09-10T21:34:06Z
bing,cool deck vs pavers,deck and drive pavers,2026-09-10T21:34:06Z
bing,cool deck vs pavers,pool decks with pavers,2026-09-10T21:34:06Z
bing,cool deck vs pavers,deck with paver patio designs,2026-09-10T21:34:06Z
bing,cool deck vs pavers,swimming pool deck pavers,2026-09-10T21:34:06Z
bing,cool deck vs pavers,pavers for swimming pool decks,2026-09-10T21:34:06Z
bing,cool deck vs pavers,thin pavers for pool deck,2026-09-10T21:34:06Z
bing,cool deck vs pavers,wood look pavers for pool deck,2026-09-10T21:34:06Z
bing,cool deck vs pavers,cool decking for patios,2026-09-10T21:34:06Z
bing,cool deck vs pavers,concrete pavers for pool decks,2026-09-10T21:34:06Z
bing,cool deck vs pavers,cool composite decking comparison,2026-09-10T21:34:06Z
bing,cool deck vs pavers,pools with paver decks,2026-09-10T21:34:06Z
bing,contratista de concreto orlando,firme de concreto detalle,2026-09-10T21:34:06Z
bing,contratista de concreto orlando,sobre firme de concreto,2026-09-10T21:34:06Z
bing,contratista de concreto orlando,firme de concreto detalle constructivo,2026-09-10T21:34:06Z
bing,contratista de concreto orlando,costo firme de concreto,2026-09-10T21:34:06Z
bing,contratista de concreto orlando,concretos de la costa,2026-09-10T21:34:06Z
google,how much do pavers cost per square foot,how much do pavers cost per square foot,2026-09-10T21:34:06Z
google,how much do pavers cost per square foot,how much do pavers cost per square foot installed,2026-09-10T21:34:06Z
google,how much do pavers cost per square foot,how much should pavers cost per square foot,2026-09-10T21:34:06Z
google,how much do pavers cost per square foot,how much do pavers cost a square foot,2026-09-10T21:34:06Z
google,how much do pavers cost per square foot,how.much do pavers cost per square.feet,2026-09-10T21:34:06Z
google,how much do pavers cost per square foot,how much do brick pavers cost per square foot,2026-09-10T21:34:06Z
google,how much do pavers cost per square foot,how much do patio pavers cost per square foot,2026-09-10T21:34:06Z
google,how much do pavers cost per square foot,how much do cambridge pavers cost per square foot,2026-09-10T21:34:06Z
google,how much do pavers cost per square foot,how much do concrete pavers cost per square foot,2026-09-10T21:34:06Z
google,how much do pavers cost per square foot,how much do driveway pavers cost per square foot,2026-09-10T21:34:06Z
bing,how much do pavers cost per square foot,how much do pavers cost per square foot,2026-09-10T21:34:06Z
bing,how much do pavers cost per square foot,how much should pavers cost per square foot,2026-09-10T21:34:06Z
google,rebar or wire mesh for driveway,rebar or wire mesh for driveway,2026-09-10T21:34:06Z
google,rebar or wire mesh for driveway,rebar or wire mesh for concrete driveway,2026-09-10T21:34:06Z
google,rebar or wire mesh for driveway,is rebar or wire mesh better for driveway,2026-09-10T21:34:06Z
google,rebar or wire mesh for driveway,is it better to use rebar or wire mesh,2026-09-10T21:34:06Z
google,rebar or wire mesh for driveway,concrete slab wire mesh vs rebar,2026-09-10T21:34:06Z
bing,rebar or wire mesh for driveway,wire mesh or rebar in driveway concrete,2026-09-10T21:34:06Z
bing,rebar or wire mesh for driveway,rebar vs wire mesh for concrete driveway,2026-09-10T21:34:06Z
bing,rebar or wire mesh for driveway,wire mesh or rebar for driveway,2026-09-10T21:34:06Z
bing,rebar or wire mesh for driveway,wire mesh or rebar for concrete slab,2026-09-10T21:34:06Z
bing,rebar or wire mesh for driveway,rebar or wire mesh,2026-09-10T21:34:06Z
bing,rebar or wire mesh for driveway,what size wire mesh for concrete driveway,2026-09-10T21:34:06Z
bing,rebar or wire mesh for driveway,fiber mesh vs wire mesh concrete driveway,2026-09-10T21:34:06Z
bing,rebar or wire mesh for driveway,is wire mesh necessary in concrete driveway,2026-09-10T21:34:06Z
bing,rebar or wire mesh for driveway,rebar for concrete driveway,2026-09-10T21:34:06Z
bing,rebar or wire mesh for driveway,concrete wire mesh vs rebar,2026-09-10T21:34:06Z
bing,rebar or wire mesh for driveway,wire mesh versus rebar for concrete slabs,2026-09-10T21:34:06Z
bing,rebar or wire mesh for driveway,rebar mesh for concrete,2026-09-10T21:34:06Z
bing,rebar or wire mesh for driveway,rebar equivalent wire mesh,2026-09-10T21:34:06Z
bing,rebar or wire mesh for driveway,driveway mesh for gravel,2026-09-10T21:34:06Z
bing,rebar or wire mesh for driveway,rebar mesh for concrete slab,2026-09-10T21:34:06Z
bing,rebar or wire mesh for driveway,gravel mesh for driveways,2026-09-10T21:34:06Z
bing,rebar or wire mesh for driveway,rebar mesh near me,2026-09-10T21:34:06Z
bing,rebar or wire mesh for driveway,highway mesh for concrete,2026-09-10T21:34:06Z
bing,rebar or wire mesh for driveway,do driveways have rebar,2026-09-10T21:34:06Z
bing,rebar or wire mesh for driveway,steel mesh for concrete driveway,2026-09-10T21:34:06Z
bing,rebar or wire mesh for driveway,ground mesh for driveways,2026-09-10T21:34:06Z
bing,permit for pavers osceola county,osceola county driveway permit,2026-09-10T21:34:06Z
bing,permit for pavers osceola county,osceola county property permit,2026-09-10T21:34:06Z
bing,permit for pavers osceola county,osceola county fl permit,2026-09-10T21:34:06Z
bing,permit for pavers osceola county,osceola county handicap parking permit,2026-09-10T21:34:06Z
bing,permit for pavers osceola county,osceola county fl permitting,2026-09-10T21:34:06Z
bing,permit for pavers osceola county,permits osceola county fl,2026-09-10T21:34:06Z
bing,permit for pavers osceola county,osceola county permit department,2026-09-10T21:34:06Z
bing,permit for pavers osceola county,osceola county permit center,2026-09-10T21:34:06Z
bing,permit for pavers osceola county,osceola county florida permits,2026-09-10T21:34:06Z
bing,permit for pavers osceola county,osceola county permit records,2026-09-10T21:34:06Z
bing,permit for pavers osceola county,building permit osceola county,2026-09-10T21:34:06Z
bing,permit for pavers osceola county,osceola county permit office,2026-09-10T21:34:06Z
bing,permit for pavers osceola county,osceola county permitting department,2026-09-10T21:34:06Z
bing,permit for pavers osceola county,osceola county permitting online,2026-09-10T21:34:06Z
bing,permit for pavers osceola county,osceola county permits online,2026-09-10T21:34:06Z
bing,permit for pavers osceola county,osceola county permit forms,2026-09-10T21:34:06Z
bing,permit for pavers osceola county,osceola county permit application,2026-09-10T21:34:06Z
bing,permit for pavers osceola county,osceola county permit fees,2026-09-10T21:34:06Z
bing,permit for pavers osceola county,permit search osceola county,2026-09-10T21:34:06Z
bing,permit for pavers osceola county,osceola county permitting forms,2026-09-10T21:34:06Z
bing,permit for pavers osceola county,osceola county florida permitting department,2026-09-10T21:34:06Z
bing,permit for pavers osceola county,osceola county permitting office,2026-09-10T21:34:06Z
bing,permit for pavers osceola county,city of osceola permitting,2026-09-10T21:34:06Z
google,concrete slab for shed cost,concrete slab for shed cost,2026-09-10T21:34:06Z
google,concrete slab for shed cost,concrete pad for shed cost,2026-09-10T21:34:06Z
google,concrete slab for shed cost,concrete floor for shed cost,2026-09-10T21:34:06Z
google,concrete slab for shed cost,concrete slab for shed price,2026-09-10T21:34:06Z
google,concrete slab for shed cost,concrete slab for garden shed cost,2026-09-10T21:34:06Z
google,concrete slab for shed cost,concrete slab for 10x12 shed cost,2026-09-10T21:34:06Z
google,concrete slab for shed cost,small concrete slab for shed cost,2026-09-10T21:34:06Z
google,concrete slab for shed cost,concrete slab cost for shed australia,2026-09-10T21:34:06Z
google,concrete slab for shed cost,how much do concrete slabs for sheds cost,2026-09-10T21:34:06Z
google,concrete slab for shed cost,cost to pour concrete slab for shed,2026-09-10T21:34:06Z
bing,concrete slab for shed cost,concrete slab for shed cost,2026-09-10T21:34:06Z
bing,concrete slab for shed cost,cost to build a 12x12 shed on a concrete slab,2026-09-10T21:34:06Z
bing,concrete slab for shed cost,concrete slab for garden shed cost,2026-09-10T21:34:06Z
bing,concrete slab for shed cost,cost for 8 x 10 concrete slab for shed,2026-09-10T21:34:06Z
bing,concrete slab for shed cost,concrete slab for shed,2026-09-10T21:34:06Z
bing,concrete slab for shed cost,cost for concrete base for shed,2026-09-10T21:34:06Z
bing,concrete slab for shed cost,building shed on concrete slab,2026-09-10T21:34:06Z
bing,concrete slab for shed cost,concrete slab for garden shed,2026-09-10T21:34:06Z
bing,concrete slab for shed cost,shed concrete installation cost,2026-09-10T21:34:06Z
bing,concrete slab for shed cost,build shed on concrete slab,2026-09-10T21:34:06Z
bing,concrete slab for shed cost,cement slab for shed,2026-09-10T21:34:06Z
bing,concrete slab for shed cost,concrete slabs for shed base,2026-09-10T21:34:06Z
bing,concrete slab for shed cost,shed slab cost per m2,2026-09-10T21:34:06Z
bing,concrete slab for shed cost,small concrete slab for shed,2026-09-10T21:34:06Z
bing,concrete slab for shed cost,cheap concrete slabs for shed base,2026-09-10T21:34:06Z
bing,concrete slab for shed cost,how much for a concrete shed base,2026-09-10T21:34:06Z
bing,concrete slab for shed cost,concrete sheds price list,2026-09-10T21:34:06Z
google,concrete davenport fl,concrete davenport fl,2026-09-10T21:34:06Z
google,concrete davenport fl,maschmeyer concrete davenport fl,2026-09-10T21:34:06Z
google,concrete davenport fl,next day concrete davenport fl,2026-09-10T21:34:06Z
bing,concrete davenport fl,concrete davenport iowa,2026-09-10T21:34:06Z
bing,concrete davenport fl,concrete davenport,2026-09-10T21:34:06Z
bing,concrete davenport fl,concrete in davenport fl,2026-09-10T21:34:06Z
google,concrete haines city,concrete haines city fl,2026-09-10T21:34:06Z
google,concrete haines city,concrete haines city,2026-09-10T21:34:06Z
google,concrete haines city,srm concrete haines city,2026-09-10T21:34:06Z
google,concrete haines city,mcmaster concrete haines city,2026-09-10T21:34:06Z
google,concrete haines city,concrete recycling haines city,2026-09-10T21:34:06Z
google,concrete haines city,srm concrete haines city reviews,2026-09-10T21:34:06Z
google,concrete haines city,concrete company haines city fl,2026-09-10T21:34:06Z
google,concrete haines city,mcmaster concrete products haines city,2026-09-10T21:34:06Z
bing,concrete haines city,mcmaster concrete products haines city fl,2026-09-10T21:34:06Z
