miles,place,geoid,lat,lon,lsad
1.0,Kissimmee city,1236950,28.30278,-81.417831,25
3.5,Campbell CDP,1209875,28.259287,-81.450841,57
4.4,Buenaventura Lakes CDP,1209415,28.333421,-81.352159,57
5.0,Hunters Creek CDP,1232967,28.359757,-81.437045,57
6.1,Southchase CDP,1267270,28.379244,-81.390255,57
7.2,Meadow Woods CDP,1243800,28.372902,-81.333706,57
7.9,Williamsburg CDP,1277735,28.401262,-81.447802,57
8.5,St. Cloud city,1262625,28.235225,-81.283958,25
8.8,Celebration CDP,1211285,28.310344,-81.55106,57
9.2,Lake Buena Vista city,1237625,28.377311,-81.524813,25
9.7,Taft CDP,1270525,28.428337,-81.367669,57
10.6,Loughman CDP,1241400,28.237997,-81.569837,57
11.5,Pine Castle CDP,1256500,28.454666,-81.369572,57
11.6,Doctor Phillips CDP,1217725,28.443262,-81.490542,57
11.6,Tangelo Park CDP,1271075,28.455999,-81.446441,57
11.7,Sky Lake CDP,1266425,28.461272,-81.390465,57
12.3,Lake Hart CDP,1238012,28.38128,-81.231847,57
12.3,Orlando city,1253000,28.40865,-81.254805,25
12.4,Bay Lake city,1204150,28.389224,-81.578369,25
12.4,Belle Isle city,1205300,28.464935,-81.351253,25
12.5,Oak Ridge CDP,1250638,28.472766,-81.416685,57
12.7,Poinciana CDP,1257900,28.118729,-81.479234,57
13.3,Edgewood city,1219900,28.48151,-81.370131,25
13.5,Bay Hill CDP,1204070,28.462372,-81.514793,57
14.3,Holden Lakes CDP,1231030,28.498555,-81.384594,57
14.9,Conway CDP,1214050,28.496937,-81.333042,57
14.9,Four Corners CDP,1224581,28.333179,-81.647492,57
15.3,Davenport city,1216450,28.161193,-81.610839,25
15.6,Lake Mary Jane CDP,1238430,28.37897,-81.170158,57
15.7,Holden Heights CDP,1231025,28.51954,-81.400187,57
16.2,Horizon West CDP,1232610,28.44022,-81.613449,57
16.4,Windermere town,1278050,28.501582,-81.535159,43
16.6,Lake Butler CDP,1237648,28.498283,-81.548243,57
17.7,Orlovista CDP,1253100,28.544055,-81.462937,57
17.8,Gotha CDP,1226900,28.530986,-81.516577,57
17.8,Haines City city,1228400,28.112817,-81.616537,25
18.0,Rio Pinar CDP,1260562,28.519131,-81.261196,57
18.8,Grenelefe CDP,1227635,28.049204,-81.547436,57
18.9,Azalea Park CDP,1202850,28.547251,-81.295395,57
20.4,Pine Hills CDP,1256825,28.581802,-81.469536,57
20.7,Winter Garden city,1278250,28.541217,-81.597043,25
21.0,Tildenville CDP,1271850,28.541381,-81.606365,57
21.2,Alafaya CDP,1200410,28.528373,-81.185745,57
21.2,Ocoee city,1251075,28.57882,-81.533045,25
21.3,Fairview Shores CDP,1221750,28.60048,-81.397751,57
21.4,Lake Hamilton town,1237975,28.049203,-81.62685,43
21.4,Winter Park city,1278300,28.59663,-81.345748,25
21.6,Lake Alfred city,1237525,28.137249,-81.71679,25
21.6,Union Park CDP,1273075,28.567029,-81.238085,57
22.3,Eatonville town,1219650,28.614993,-81.392377,43
22.4,Dundee town,1218550,28.017259,-81.603436,43
22.7,Oakland town,1250525,28.552076,-81.636676,43
23.2,Goldenrod CDP,1226475,28.611918,-81.291229,57
23.2,Lockhart CDP,1241025,28.627103,-81.433784,57
23.4,Maitland city,1242575,28.629625,-81.37291,25
23.9,Wedgefield CDP,1275612,28.48596,-81.081824,57
24.1,Clarcona CDP,1212675,28.630931,-81.501304,57
24.1,University CDP,1273172,28.589487,-81.200128,57
24.4,Paradise Heights CDP,1254912,28.623653,-81.544016,57
24.9,Fern Park CDP,1222250,28.648192,-81.345571,57
25.0,Clermont city,1212925,28.524016,-81.723029,25
25.0,Waverly CDP,1275475,27.985282,-81.625304,57
25.5,Altamonte Springs city,1200950,28.661022,-81.394681,25
25.6,Forest City CDP,1223375,28.661479,-81.444877,57
25.9,South Apopka CDP,1267163,28.656809,-81.505717,57
26.0,Casselberry city,1211050,28.661183,-81.321926,25
26.1,Winter Haven city,1278275,28.045836,-81.732743,25
26.4,Cypress Gardens CDP,1216050,28.003516,-81.690566,57
26.8,Polk City town,1257950,28.180471,-81.830032,43
26.9,Auburndale city,1202550,28.109997,-81.797322,25
26.9,Montverde town,1246525,28.602468,-81.674134,43
27.7,Bithlo CDP,1206625,28.581865,-81.092097,57
28.1,Inwood CDP,1234000,28.038474,-81.767361,57
28.2,Lake Wales city,1238950,27.920697,-81.599505,25
28.2,Wekiwa Springs CDP,1275725,28.699577,-81.424772,57
28.5,Ferndale CDP,1222225,28.619512,-81.692856,57
28.5,Longwood city,1241250,28.701396,-81.348389,25
28.6,Winter Springs city,1278325,28.688064,-81.269962,25
28.9,Oviedo city,1253575,28.66193,-81.187101,25
29.0,Minneola city,1245900,28.602324,-81.729452,25
29.3,Apopka city,1201700,28.701701,-81.531825,25
29.8,Chuluota CDP,1212275,28.640293,-81.118405,57
30.2,Wahneta CDP,1274775,27.958651,-81.72878,57
30.3,Jan Phyl Village CDP,1235300,28.016212,-81.793764,57
30.5,Eagle Lake city,1218875,27.97427,-81.755395,25
31.2,Christmas CDP,1212250,28.555569,-80.990194,57
31.2,Highland Park village,1230325,27.862111,-81.566374,47
31.4,Zellwood CDP,1279200,28.721898,-81.573234,57
31.8,Black Hammock CDP,1206670,28.706005,-81.177323,57
32.0,Fussels Corner CDP,1225125,28.057629,-81.860679,57
32.5,Babson Park CDP,1202900,27.834206,-81.528085,57
32.6,Lake Mary city,1238425,28.759104,-81.332813,25
33.2,Hillcrest Heights town,1230700,27.824864,-81.536196,43
33.7,Groveland city,1227800,28.610215,-81.827086,25
33.7,Heathrow CDP,1229320,28.778682,-81.371052,57
33.8,Crooked Lake Park CDP,1215515,27.830606,-81.590233,57
34.2,Combee Settlement CDP,1213775,28.060079,-81.90424,57
34.2,Indian Lake Estates CDP,1233500,27.798648,-81.356231,57
34.7,West Canaveral Groves CDP,1276058,28.39268,-80.849217,57
34.8,Crystal Lake CDP,1215725,28.035979,-81.899636,57
34.9,Astatula town,1202250,28.70732,-81.73419,43
35.2,Tangerine CDP,1271100,28.760166,-81.637975,57
35.3,Alturas CDP,1201100,27.842056,-81.681576,57
35.3,Sanford city,1263650,28.789425,-81.275624,25
35.4,Geneva CDP,1225750,28.736626,-81.116237,57
36.2,Midway CDP,1245475,28.792398,-81.231279,57
36.2,Mount Plymouth CDP,1247125,28.803875,-81.53449,57
36.5,Howey-in-the-Hills town,1232775,28.704409,-81.784045,43
36.6,Highland City CDP,1230225,27.963473,-81.878623,57
37.0,Sorrento CDP,1266975,28.80909,-81.563611,57
37.1,Lakeland city,1238250,28.055496,-81.954772,25
37.2,Mascotte city,1243425,28.604341,-81.905549,25
37.7,Bartow city,1203675,27.886803,-81.821758,25
38.2,Frostproof city,1224900,27.748894,-81.526465,25
38.5,Mount Dora city,1247050,28.813349,-81.633411,25
38.5,Port St. John CDP,1258700,28.475701,-80.810424,57
39.0,Cocoa West CDP,1213225,28.359044,-80.77129,57
39.0,Tavares city,1271225,28.765875,-81.756384,25
39.6,Cocoa city,1213150,28.376643,-80.763306,25
40.2,Yalaha CDP,1278900,28.744711,-81.822504,57
40.3,Kathleen CDP,1235950,28.119175,-82.040006,57
40.4,Lakeland Highlands CDP,1238262,27.957379,-81.951054,57
40.7,Sharpes CDP,1265525,28.443598,-80.7614,57
40.7,Titusville city,1271900,28.573368,-80.819404,25
40.7,Viera West CDP,1274370,28.245184,-80.740313,57
40.8,Rockledge city,1261500,28.321362,-80.737823,25
41.0,DeBary city,1216675,28.881398,-81.32427,25
41.5,Homeland CDP,1232250,27.818138,-81.826981,57
41.9,Medulla CDP,1243925,27.958507,-81.981212,57
