route,kind,title,title_len,h1,meta_description,desc_len,noindex
/,home,"Kissimmee Concrete | Concrete & Paver Contractor, Kissimmee FL",62,"Concrete and paver contractor for Kissimmee, St. Cloud and the 40 miles around them","Concrete driveways, patios, pool decks and slabs plus paver driveways, travertine decks, sealing and repair across Kissimmee, St. Cloud, Osceola County and the Polk ridge. Free estimates.",187,False
/concrete/,pillar,"Concrete Contractor in Kissimmee, FL – Driveways, Patios, Slabs",63,"Concrete driveways, patios, pool decks and slabs in Kissimmee, FL","Poured concrete driveways, patios, pool decks, slabs and walkways in Kissimmee and Osceola County: 4 in / 3,000 psi specs, base for flatwoods sand, permits by office, current costs.",181,False
/pavers/,pillar,"Paver Installation in Kissimmee, FL – Driveways, Pool Decks",59,"Paver driveways, pool decks, patios and hardscape in Kissimmee, FL","Paver driveways, travertine and marble pool decks, patios, walkways, sealing and repair in Kissimmee and Osceola County. 6-inch base, HOA rules verified, current costs per square foot.",184,False
/concrete/driveways/,service,"Concrete Driveways in Kissimmee, FL – Cost, Thickness, Permits",62,"Concrete driveways in Kissimmee, FL","Concrete driveways in Kissimmee: 4 in / 3,000 psi for cars, 6 in / 4,000 psi with rebar for RVs, 4 in limerock base for flatwoods sand, city vs. county permits, current cost per sq ft.",184,False
/concrete/patios/,service,"Concrete Patios in Kissimmee, FL – Cost, Slope, Permits",55,"Concrete patios in Kissimmee, FL","Poured concrete patios in Kissimmee: 4 in / 3,000 psi on a compacted base, ⅛ in per ft slope away from the house, permit rules for Kissimmee, St. Cloud and Osceola, 12x12 cost example.",184,False
/concrete/pool-decks/,service,"Concrete Pool Decks in Kissimmee, FL – Resurface or Replace",59,"Concrete pool decks in Kissimmee, FL","Concrete pool decks in Kissimmee: new textured decks, knock-down resurfacing, drainage away from the pool, slip and heat, permits and HOA, costs per sq ft for a 600 sq ft deck.",176,False
/concrete/stamped/,service,"Stamped & Decorative Concrete in Kissimmee, FL – Cost & Care",60,"Stamped and decorative concrete in Kissimmee, FL","Stamped concrete patios, pool decks and borders in Kissimmee: patterns, integral plus release color, how we stamp in summer heat, sealer choices, HOA color rules, cost per sq ft.",178,False
/concrete/slabs/,service,"Concrete Slabs & Pads in Kissimmee, FL – Shed, RV, AC, Hot Tub",62,"Concrete slabs and pads in Kissimmee, FL","Concrete pads in Kissimmee and Osceola County: shed, AC, generator, hot tub, RV, boat and workshop slabs with thickness and rebar by load, elevation above the water table, permit rules, costs.",192,False
/concrete/sidewalks-walkways/,service,"Concrete Sidewalks & Walkways in Kissimmee, FL – Cost & Rules",61,"Concrete sidewalks and walkways in Kissimmee, FL","Concrete walkways and sidewalk sections in Kissimmee: 4 in / 3,000 psi, 4-ft width, joints every 4–5 ft, right-of-way rules for Kissimmee, Osceola and Polk, HOA width limits, cost per linear foot.",196,False
/concrete/repair/,service,"Concrete Repair in Kissimmee, FL – Cracks, Sinking, Spalling",60,"Concrete repair in Kissimmee, FL","Concrete repair in Kissimmee and Osceola County: which cracks matter, why slabs sink at the garage on flatwoods sand, lift vs. patch vs. replace with costs, 1980s Buenaventura Lakes driveways.",192,False
/concrete/resurfacing/,service,"Concrete Resurfacing & Overlays in Kissimmee, FL – Cost",55,"Concrete resurfacing and overlays in Kissimmee, FL","Concrete resurfacing in Kissimmee: polymer overlays and knock-down textures over sound driveways, patios and pool decks, what an overlay cannot fix, process, sealing and cost vs. a new pour.",190,False
/concrete/architectural/,service,"Architectural Concrete in Kissimmee, FL – Honed, Board-Formed",61,"Architectural concrete in Kissimmee, FL","Architectural concrete in Kissimmee: honed and polished lanai floors, board-formed seat walls, saw-cut panels, integral color to a chip, exposed aggregate. Sample panels first; permits and ARC notes.",199,False
/concrete/commercial/,service,"Commercial Concrete & Parking Lots in Kissimmee, FL – Flatwork",62,"Commercial concrete and small parking lots in Kissimmee, FL","Commercial flatwork in Kissimmee and Osceola County: dumpster pads, sidewalks and ADA ramps, equipment pads, small parking areas and drive-lane repairs. Specs, permit timelines, scope limits.",191,False
/pavers/driveways/,service,"Paver Driveways in Kissimmee, FL – Cost, Base Depth, HOA Rules",62,"Paver driveways in Kissimmee, FL","Paver driveways in Kissimmee and Osceola County: 6-inch limerock base, 80 mm pavers, polymeric sand, concrete apron at the street, county and HOA rules (APV, Solivita, Solterra), cost per sq ft.",194,False
/pavers/patios/,service,"Paver Patios in Kissimmee, FL – Cost, Base, Permits",51,"Paver patios in Kissimmee, FL","Paver patios in Kissimmee: lanai extensions, fire-pit and dining patios on a 4–5 in compacted base, slope and drainage on flat lots, permit rules for St. Cloud and Osceola, HOA setbacks, 12x12 cost.",198,False
/pavers/pool-decks/,service,"Paver Pool Decks in Kissimmee, FL – Overlay, Rebuild, Cost",58,"Paver pool decks in Kissimmee, FL","Paver pool decks in Kissimmee: 1-inch remodel pavers over a sound deck or a full rebuild, bullnose coping, lanai drain channel, which surface stays coolest, permits and resort HOA rules, cost for 600 sq ft.",206,False
/pavers/travertine/,service,"Travertine Pool Decks & Patios in Kissimmee, FL – Cost, Care",60,"Travertine pool decks, patios and driveways in Kissimmee, FL","Travertine pool decks, lanais and patios in Kissimmee: grades, sizes, sand-set vs. thin-set, bullnose coping, why film sealers fail, surface heat vs. concrete pavers, cost per sq ft installed.",192,False
/pavers/marble-porcelain/,service,"Marble & Large-Format Porcelain Pavers in Kissimmee, FL",55,"Marble and large-format porcelain pavers in Kissimmee, FL","Marble pool decks and 2 cm large-format porcelain pavers in Kissimmee: coolest surfaces, stain-proof options, why porcelain needs a rigid or pedestal base, comparisons with travertine, HOA notes.",195,False
/pavers/walkways-steps/,service,"Paver Walkways & Entry Steps in Kissimmee, FL – Cost & Details",62,"Paver walkways, paths and entry steps in Kissimmee, FL","Paver walkways, side paths, entry steps and stoops in Kissimmee: 4-in base, edge restraint both sides, riser heights within ¼ in, HOA width rules (APV 2 ft), cost per sq ft and per step.",186,False
/pavers/sealing/,service,"Paver Sealing, Cleaning & Re-Sanding in Kissimmee, FL – Cost",60,"Paver sealing, cleaning and re-sanding in Kissimmee, FL","Paver sealing in Kissimmee: clean, re-sand with polymeric sand and seal for $1.75–$3.25/sq ft, film vs. penetrating sealers, why pavers turn white, rust from well water, schedule by surface.",190,False
/pavers/repair/,service,"Paver Repair in Kissimmee, FL – Sunken Areas, Edges, Ants",57,"Paver repair in Kissimmee, FL","Paver repair in Kissimmee: lift-and-relay of sunken areas after fixing the water source, edge restraint replacement, polymeric re-sanding for ants and weeds, matching discontinued pavers, costs.",194,False
/pavers/retaining-walls-outdoor-living/,service,"Retaining Walls, Seat Walls & Outdoor Living in Kissimmee, FL",61,"Retaining walls, seat walls and outdoor living in Kissimmee, FL","Decorative segmental retaining walls to 4 ft, seat walls, raised terraces, fire pits and summer-kitchen structures in Kissimmee: drainage behind the wall, when engineering is required, HOA rules, prices.",203,False
/pavers/artificial-turf/,service,"Artificial Turf With Pavers in Kissimmee, FL – Side Yards, Strips",65,"Artificial turf tied into hardscape in Kissimmee, FL","Artificial turf in Kissimmee tied into paver and concrete edges: side yards that won't grow sod, driveway ribbons, dog runs and putting greens, base and drainage, heat, HOA approval.",182,False
/pavers/outdoor-lighting/,service,"Outdoor Lighting in Pavers, Steps & Pillars – Kissimmee, FL",59,"Outdoor lighting built into pavers, steps and pillars in Kissimmee, FL","Low-voltage lighting built into paver borders, entry steps, seat walls and pillars in Kissimmee: fixtures, conduit under the pavers, transformer and outlet rules, retrofits, HOA color temperature.",196,False
/coatings/garage-floors/,service,"Epoxy & Polyaspartic Garage Floors in Kissimmee, FL – Cost",58,"Epoxy and polyaspartic garage floors in Kissimmee, FL","Garage floor coatings in Kissimmee: epoxy vs. polyaspartic vs. hybrid flake systems, moisture testing on slabs over a 12-inch water table, diamond grinding, cure times, cost for a two-car garage.",195,False
/concrete/driveways/st-cloud/,cityservice,"Concrete Driveways in St. Cloud, FL – City vs. County Permits",61,"Concrete Driveways in St. Cloud, FL","Concrete driveways in St. Cloud: 4 in / 3,000 psi on a compacted base, city Building Department vs. Osceola County rules, lakefront Basinger sand, rural long drives over septic-free routes, current cost per sq ft.",213,False
/concrete/slabs/st-cloud/,cityservice,"Concrete Slabs & Pads in St. Cloud, FL – RV, Boat, Workshop",59,"Concrete Slabs & Pads in St. Cloud, FL","RV, boat, workshop, shed and generator pads in St. Cloud: 6 in / 4,000 psi with rebar for vehicle loads, raised above the wet-season water table, septic clearances on rural lots, permit rules for the city and Osceola County, costs.",231,False
/concrete/repair/st-cloud/,cityservice,"Concrete Repair in St. Cloud, FL – Cracks, Sinking, Oak Roots",61,"Concrete Repair in St. Cloud, FL","Concrete repair in St. Cloud: garage-edge steps on 1980s–2000s driveways, oak-root lifting on downtown walks, lakefront slabs sinking into Basinger sand, lift vs. patch vs. replace with costs.",192,False
/pavers/driveways/st-cloud/,cityservice,"Paver Driveways in St. Cloud, FL – Public Works, Base, Cost",59,"Paver Driveways in St. Cloud, FL","Paver driveways in St. Cloud: the city refers driveway pavers to Public Works (no building permit), Osceola County rules outside the line, 6-inch base on flatwoods sand, builder-driveway rebuilds in Narcoossee, cost per sq ft.",226,False
/pavers/pool-decks/st-cloud/,cityservice,"Paver Pool Decks in St. Cloud, FL – Overlays, Travertine, Permit",64,"Paver Pool Decks in St. Cloud, FL","Paver and travertine pool decks in St. Cloud: overlays on 2000s decks, lakefront homes, the city's deck permit rule, lanai drain channels, which surface stays coolest, cost for a 600 sq ft deck.",194,False
/pavers/sealing/st-cloud/,cityservice,"Paver Sealing in St. Cloud, FL – First Seal, Re-Seal, Rust",58,"Paver Sealing & Cleaning in St. Cloud, FL","Paver sealing and re-sanding in St. Cloud: first seal on builder driveways in Narcoossee and Sunbridge, re-seal cycles for driveways and pool decks, well-water rust stains, efflorescence, cost per sq ft.",203,False
/pavers/driveways/celebration/,cityservice,"Paver Driveways in Celebration, FL – ARC, Alleys, Approved Blends",65,"Paver Driveways in Celebration, FL","Paver driveways and alley aprons in Celebration: CROA Architectural Review Committee (third Monday), village palettes, matching 1996–2006 builder blends, Osceola County permit and 24-ft rule, costs.",198,False
/pavers/pool-decks/celebration/,cityservice,"Paver Pool Decks in Celebration, FL – Travertine, ARC, Overlays",63,"Paver Pool Decks in Celebration, FL","Travertine and paver pool decks in Celebration: overlays on 2000s decks inside screened lanais, ARC review of visible changes, Osceola County flatwork rules, lanai drains tied to community stormwater, costs.",207,False
/pavers/sealing/celebration/,cityservice,"Paver Sealing in Celebration, FL – Matte vs. Wet Look, ARC",58,"Paver Sealing & Cleaning in Celebration, FL","Paver sealing, cleaning and re-sanding in Celebration: keeping the village palette, matte vs. wet-look under ARC review, efflorescence on new Island Village pavers, oak-shade mold, cost per sq ft.",196,False
/pavers/walkways-steps/celebration/,cityservice,"Paver Walkways & Steps in Celebration, FL – Streetscape Palette",63,"Paver Walkways & Steps in Celebration, FL","Paver front walks, side paths and entry steps in Celebration: matching the village's brick-and-paver streetscape, ARC review, oak-root damage, 4-in base and edge restraint, costs per sq ft and per step.",202,False
/concrete/repair/celebration/,cityservice,"Concrete Repair in Celebration, FL – Garage Slabs, Walks, Aprons",64,"Concrete Repair in Celebration, FL","Concrete repair in Celebration: garage slab edges at alley aprons, public sidewalk panels lifted by street oaks, lanai slab cracks before a paver overlay, ARC notes for visible repairs, costs.",192,False
/concrete/driveways/poinciana/,cityservice,"Concrete Driveways in Poinciana, FL – DCB Approval, Two Counties",64,"Concrete Driveways in Poinciana, FL","Concrete driveway replacement in Poinciana: APV Design Control Board approval first (9.1.1 materials, 30-day deemed denial), Osceola or Polk permit by village, 1970s–90s slab tear-outs, costs for a two-car drive.",212,False
/concrete/patios/poinciana/,cityservice,"Concrete Patios in Poinciana, FL – DCB Rules, Screen Rooms",58,"Concrete Patios in Poinciana, FL","Concrete patios and screen-room slabs in Poinciana: APV Design Control Board approval for any paved area, Solivita's ARC and setbacks, Osceola or Polk permit position, 4-in slabs sloped away from the house, costs.",213,False
/concrete/repair/poinciana/,cityservice,"Concrete Repair in Poinciana, FL – Panels, Aprons, Walks",56,"Concrete Repair in Poinciana, FL","Concrete repair in Poinciana's older villages: stepped garage panels, broken apron corners, walks capped at 2 ft by the DCB, lift vs. replace on 1970s–90s slabs, well-water rust, costs.",185,False
/pavers/driveways/poinciana/,cityservice,"Paver Driveways in Poinciana, FL – DCB Materials, Polk Release",62,"Paver Driveways in Poinciana, FL","Paver driveways in Poinciana: brick pavers as an accepted DCB material, approval before any work, Osceola driveway permit or Polk's Paver Release Form, flatwoods vs. ridge base, cost per sq ft.",193,False
/concrete/driveways/buenaventura-lakes/,cityservice,"Concrete Driveways in Buenaventura Lakes, FL – 1980s Replacement",64,"Concrete Driveways in Buenaventura Lakes, FL","Replacing a 1978–1995 Landstar-era driveway in Buenaventura Lakes: what is under the old slab, Osceola County driveway permit and 24-ft rule, oaks, two-car costs from the Cost Index.",182,False
/concrete/repair/buenaventura-lakes/,cityservice,"Concrete Repair in Buenaventura Lakes, FL – Panels and Aprons",61,"Concrete Repair in Buenaventura Lakes, FL","Concrete repair on Buenaventura Lakes' 1980s driveways and walks: stepped garage panels, apron corners, trip hazards, when a single-panel repair makes sense and when the whole drive is due, costs.",196,False
/concrete/resurfacing/buenaventura-lakes/,cityservice,"Concrete Resurfacing in Buenaventura Lakes, FL – When It Works",62,"Concrete Resurfacing & Overlays in Buenaventura Lakes, FL","Concrete resurfacing in Buenaventura Lakes: the minority of 1980s slabs that are worn but not moving, overlay cost vs. replacement, what a tap test shows, and why most BVL drives need a new pour instead.",203,False
/pavers/driveways/buenaventura-lakes/,cityservice,"Paver Driveways in Buenaventura Lakes, FL – Cost, Permit",56,"Paver Driveways in Buenaventura Lakes, FL","Paver driveways in Buenaventura Lakes: replacing a 1980s concrete drive with 80 mm pavers on a 6-in base, Osceola County driveway permit and 24-ft width, concrete apron at the street, no HOA on most streets, costs.",214,False
/pavers/pool-decks/four-corners/,cityservice,"Paver Pool Decks in Four Corners, FL – Rentals, Turnovers, HOAs",63,"Paver Pool Decks in Four Corners, FL","Paver and travertine pool decks for vacation rentals in Four Corners: overlays between guests, Windsor Hills and Solterra HOA rules, Osceola vs. Polk by community, anti-slip sealers, cost for a 600 sq ft deck.",209,False
/pavers/sealing/four-corners/,cityservice,"Paver Sealing in Four Corners, FL – Rental Decks and Driveways",62,"Paver Sealing & Cleaning in Four Corners, FL","Paver sealing for vacation rentals in Four Corners: anti-slip sealers on pool decks, polymeric sand that survives weekly cleaning, group pricing for several homes, turnover scheduling, ridge-sand dust, cost per sq ft.",217,False
/pavers/driveways/four-corners/,cityservice,"Paver Driveways in Four Corners, FL – Rebuilding on Ridge Sand",62,"Paver Driveways in Four Corners, FL","Paver driveway rebuilds in Four Corners resort communities: why builder driveways settled on dry-placed ridge sand, lift-and-relay vs. new field, Solterra's three-car rule, Polk Paver Release Form, Osceola permits, costs.",221,False
/concrete/repair/four-corners/,cityservice,"Concrete Repair in Four Corners, FL – Aprons, Garage Slabs, Walks",65,"Concrete Repair in Four Corners, FL","Concrete repair for Four Corners rental homes: settled garage aprons and sidewalk panels on ridge sand, cracked lanai slabs before an overlay, HOA notes for visible repairs, work scheduled between guests.",204,False
/pavers/pool-decks/champions-gate/,cityservice,"Paver Pool Decks in ChampionsGate, FL – Rentals and Country Club",64,"Paver Pool Decks in ChampionsGate, FL","Paver and travertine pool decks in ChampionsGate: overlays on The Retreat rental homes between guests, travertine in the Country Club sections, Osceola County flatwork rules, resort ARC review, ridge sand base, costs.",217,False
/pavers/sealing/champions-gate/,cityservice,"Paver Sealing in ChampionsGate, FL – Rental Cycle, Group Days",61,"Paver Sealing & Cleaning in ChampionsGate, FL","Paver sealing in ChampionsGate: two- to three-year cycle on rental decks and driveways, anti-slip penetrating sealers, polymeric re-sanding, group days for property managers, ridge-sand grit, cost per sq ft.",207,False
/pavers/driveways/champions-gate/,cityservice,"Paver Driveways in ChampionsGate, FL – Rules & Rebuilds",55,"Paver Driveways in ChampionsGate, FL","Paver driveway rebuilds and widening in ChampionsGate: Osceola County driveway permit and 24-ft rule despite the Davenport ZIP, ARC review, settled builder base on ridge sand, matching community blends, costs.",209,False
/concrete/repair/champions-gate/,cityservice,"Concrete Repair in ChampionsGate, FL – Aprons, Panels, Lanais",61,"Concrete Repair in ChampionsGate, FL","Concrete repair in ChampionsGate: settled aprons and sidewalk panels on 2001–2022 homes built on ridge sand, cracked lanai slabs before an overlay, Osceola County right-of-way notes, ARC notes, turnover scheduling.",214,False
/pavers/pool-decks/reunion/,cityservice,"Paver Pool Decks in Reunion, FL – Overlays, Three Managers",58,"Paver Pool Decks in Reunion, FL","Paver pool decks in Reunion Resort: overlays on 2005-era decks, which management company reviews your section (Artemis, Greystone, Southwest), Osceola County flatwork rules, rental scheduling, costs for a 600 sq ft deck.",220,False
/pavers/travertine/reunion/,cityservice,"Travertine in Reunion, FL – Pool Decks, Lanais, Cool Surfaces",61,"Travertine in Reunion, FL","Travertine pool decks and lanais in Reunion Resort: tumbled ivory and silver grades, sand-set vs. thin-set over 2005 decks, penetrating sealers only, which management company approves, Osceola County rules, cost per sq ft.",222,False
/pavers/sealing/reunion/,cityservice,"Paver & Travertine Sealing in Reunion, FL – Rental Cycle",56,"Paver Sealing & Cleaning in Reunion, FL","Sealing pavers and travertine in Reunion Resort: penetrating sealers for stone, anti-slip products for rental decks, polymeric re-sanding, two- to three-year cycle, group days for managers, cost per sq ft.",205,False
/pavers/driveways/reunion/,cityservice,"Paver Driveways in Reunion, FL – Premium Lines, Osceola Permit",62,"Paver Driveways in Reunion, FL","Paver driveway rebuilds in Reunion Resort: premium blends matched to the streetscape, 6-in base on ridge sand, Osceola County driveway permit and 24-ft rule, section-by-section management approval, costs.",204,False
/concrete/driveways/davenport/,cityservice,"Concrete Driveways in Davenport, FL – Polk Rules, Ridge Sand",60,"Concrete Driveways in Davenport, FL","Concrete driveways in Davenport: Polk County's right-of-way and setback permit rules, city vs. unincorporated addresses, Candler ridge sand that compacts only wet, aprons, current cost per sq ft.",195,False
/pavers/driveways/davenport/,cityservice,"Paver Driveways in Davenport, FL – Paver Release Form, Ridge Base",65,"Paver Driveways in Davenport, FL","Paver driveways in Davenport: Polk County's Concrete Driveway Paver Release Form for pavers in the right-of-way, concrete apron alternative, wetted 6-in base on Candler sand, Providence and Solterra ARC rules, costs.",216,False
/pavers/pool-decks/davenport/,cityservice,"Paver Pool Decks in Davenport, FL – Providence, Solterra, Rentals",65,"Paver Pool Decks in Davenport, FL","Paver and travertine pool decks in Davenport: overlays on 2005–2016 decks in Providence and the rental communities, Polk County permit position for decks adjacent to structures, pool backfill on ridge sand, costs.",213,False
/concrete/repair/davenport/,cityservice,"Concrete Repair in Davenport, FL – Early Cracks on Ridge Sand",61,"Concrete Repair in Davenport, FL","Concrete repair in Davenport: early cracking and settled aprons on 2012–2026 builder driveways placed on dry ridge sand, historic-town walks and oaks, lift vs. replace, Polk right-of-way notes, costs.",200,False
/concrete/slabs/davenport/,cityservice,"Concrete Slabs & Pads in Davenport, FL – Loughman, Workshops",60,"Concrete Slabs & Pads in Davenport, FL","RV, boat, workshop, shed and generator pads in Davenport and Loughman: 6 in / 4,000 psi with rebar for vehicles, wetted base on Candler sand, Polk County's slab permit rules, HOA restrictions, costs.",199,False
/concrete/driveways/haines-city/,cityservice,"Concrete Driveways in Haines City, FL – Ridge Sand, City vs. Polk",65,"Concrete Driveways in Haines City, FL","Concrete driveways in Haines City: replacement on the older US-17/92 streets, extensions in the 2015–2026 subdivisions, city vs. Polk County permits, Candler ridge base wetted before compaction, costs.",201,False
/concrete/patios/haines-city/,cityservice,"Concrete Patios in Haines City, FL – Lanai Extensions, Ridge Lots",65,"Concrete Patios in Haines City, FL","Concrete patios and lanai extensions in Haines City: 4-in slabs on wetted ridge base, drainage on sloped lots, Polk County's slab permit position, HOA review in the new subdivisions, 12x12 and 16x20 costs.",205,False
/concrete/repair/haines-city/,cityservice,"Concrete Repair in Haines City, FL – Early Cracks, Old Walks",60,"Concrete Repair in Haines City, FL","Concrete repair in Haines City: early cracking on 2016–2026 builder driveways, settled aprons on ridge sand, oak-lifted walks near Lake Eva, lift vs. replace with costs, Polk and city permit notes.",197,False
/pavers/driveways/haines-city/,cityservice,"Paver Driveways in Haines City, FL – New Subdivisions, Polk Rules",65,"Paver Driveways in Haines City, FL","Paver driveways in Haines City: upgrades and first sealing in the 2015–2026 subdivisions, wetted 6-in base on ridge sand, Polk County's Paver Release Form vs. a concrete apron, HOA approval, costs.",197,False
/concrete/driveways/harmony/,cityservice,"Concrete Driveways in Harmony & Narcoossee, FL – Wet Ground",59,"Concrete Driveways in Harmony & Narcoossee, FL","Concrete driveways in Harmony, Narcoossee and Sunbridge: extensions on new lots, long ranchette drives, slabs raised above a surface water table on EauGallie and Basinger sand, septic clearances, Osceola permits, costs.",219,False
/concrete/slabs/harmony/,cityservice,"Concrete Slabs & Pads in Harmony & Narcoossee, FL – Raised Pads",63,"Concrete Slabs & Pads in Harmony & Narcoossee, FL","Shed, RV, boat, workshop and generator pads in Harmony and the Narcoossee ranchettes: raised 4–8 in above a surface water table on EauGallie and Basinger sand, septic clearances, truck access, Osceola permit rules, costs.",221,False
/pavers/driveways/harmony/,cityservice,"Paver Driveways in Harmony & Sunbridge, FL – Rebuilds, First Seal",65,"Paver Driveways in Harmony & Narcoossee, FL","Paver driveways in Harmony, Weslyn Park, Nova Grove and Bridgewalk: rebuilding 2005-era Harmony pavers on a drained base, first sealing and edge restraint on new builder drives, Osceola permit and 24-ft rule, costs.",215,False
/pavers/pool-decks/harmony/,cityservice,"Paver Pool Decks in Harmony & Sunbridge, FL – New Decks, Drainage",65,"Paver Pool Decks in Harmony & Narcoossee, FL","Paver and travertine pool decks in Harmony, Weslyn Park and the Narcoossee communities: new decks with new pools, overlays on 2005-era Harmony decks, lanai drains on wet ground, Osceola flatwork rules, costs.",208,False
/areas/kissimmee/,city,"Concrete & Pavers in Kissimmee, FL – Local Contractor Guide",59,"Concrete and pavers in Kissimmee, FL: neighborhoods, permits, soil and costs","Concrete and paver work in Kissimmee by neighborhood: city vs. county permits, Smyrna and Myakka sand with a 12-inch water table, Bellalago and resort HOA reviews, current costs, live-oak and rust issues.",204,False
/areas/st-cloud/,city,"Concrete & Pavers in St. Cloud, FL – Local Contractor Guide",59,"Concrete and pavers in St. Cloud, FL: permits, ground and what we build","Concrete and paver work in St. Cloud: city permit list (patios yes, driveway pavers to Public Works), HB 803, downtown oaks and lakefront Basinger sand, Narcoossee builder driveways, septic lots, costs.",202,False
/areas/celebration/,city,"Pavers & Concrete in Celebration, FL – ARC, Permits, Costs",58,"Pavers and concrete in Celebration, FL: ARC first, then the county permit","Paver and concrete work in Celebration, FL: CROA Architectural Review Committee (third Monday), village palettes, alley aprons, Osceola County permits, travertine pool decks, costs per sq ft.",191,False
/areas/poinciana/,city,"Concrete & Pavers in Poinciana, FL – APV DCB, Permits, Costs",60,"Concrete and pavers in Poinciana, FL: DCB approval, then the right county","Concrete and paver work in Poinciana: APV Design Control Board rules (9.1.1 driveways, 2-ft walks, 30-day deemed denial), Osceola vs. Polk permits by village, Solivita ARC, 1970s driveway replacement.",200,False
/areas/buenaventura-lakes/,city,"Concrete Driveways in Buenaventura Lakes, FL – Replacement",58,Concrete and pavers in Buenaventura Lakes: replacing the 1980s driveways,"Concrete and paver driveway replacement in Buenaventura Lakes: what is under a 1980s Landstar-era slab, Osceola County driveway permit and 24-ft rule, oak roots, concrete vs. pavers, costs for a two-car drive.",209,False
/areas/four-corners/,city,"Pool Decks & Pavers in Four Corners, FL – Rentals, HOAs, Costs",62,"Pool decks, sealing and driveways in Four Corners, FL: rentals across four counties","Paver pool decks, sealing, driveway repair for vacation rentals in Four Corners: Windsor Hills, Solterra, Solara and Emerald Island by county, ARC and insurance rules, ridge sand base, turnover scheduling.",205,False
/areas/champions-gate/,city,"Pool Decks & Pavers in ChampionsGate, FL – Osceola Permits",58,"Pavers, pool decks and repairs in ChampionsGate, FL","Paver pool decks, sealing and driveway repair in ChampionsGate: Osceola County permits despite the Davenport ZIP, resort ARC review, ridge sand that settles when placed dry, turnover scheduling, costs.",201,False
/areas/reunion/,city,"Travertine Pool Decks & Pavers in Reunion, FL – Osceola",55,"Travertine, pavers and pool decks in Reunion, FL","Travertine and marble pool decks, paver driveways and sealing in Reunion Resort: Artemis, Greystone and Southwest management contacts, Osceola County permits, ridge sand base, rental scheduling, costs.",201,False
/areas/davenport/,city,"Concrete & Pavers in Davenport, FL – Polk Permits, Ridge Sand",61,"Concrete and pavers in Davenport, FL: Polk County rules and ridge sand","Concrete and paver work in Davenport: city vs. unincorporated Polk, Polk's slab and right-of-way permit rules, the Paver Release Form, Candler ridge sand that compacts only wet, Providence and Solterra, costs.",209,False
/areas/haines-city/,city,"Concrete & Pavers in Haines City, FL – Ridge Sand, Polk Permits",63,"Concrete and pavers in Haines City, FL","Concrete and paver work in Haines City: city vs. Polk County permits, Candler ridge sand, early cracking on 2016–2026 builder driveways, Southern Dunes and Hammock Reserve HOAs, costs per sq ft.",194,False
/areas/harmony/,city,"Concrete & Pavers in Harmony, Narcoossee & Sunbridge, FL",56,"Concrete and pavers in Harmony, Narcoossee and Sunbridge, FL","Concrete and paver work in Harmony, the Narcoossee corridor and Sunbridge: Osceola County permits, EauGallie and Basinger sand with a surface water table, raised slabs, septic and well lots, new-community patios and pads.",221,False
/areas/winter-haven/,city,"Concrete & Pavers in Winter Haven, FL – Ridge and Lakes",55,"Concrete and pavers in Winter Haven, FL","Concrete and paver work in Winter Haven: city vs. Polk County permits, Candler ridge sand vs. Chain of Lakes margins, early cracks on new subdivision driveways, oak-lifted walks, costs from the Cost Index.",205,False
/areas/auburndale/,city,"Concrete & Pavers in Auburndale, FL – Ridge Lots, Lake Margins",62,"Concrete and pavers in Auburndale, FL","Concrete and paver work in Auburndale: oak-lined 1950s streets, Berkley Road subdivisions with early-cracking builder driveways, lake-margin slabs, city vs. Polk County permits, costs.",184,False
/areas/lake-alfred/,city,"Concrete & Pavers in Lake Alfred, FL – Near Polk's NE Center",60,"Concrete and pavers in Lake Alfred, FL","Concrete and paver work in Lake Alfred: new SR-557 subdivisions with early-cracking builder driveways, lakefront slabs, the Northeast Government Center for Polk permits, costs.",176,False
/areas/dundee/,city,"Concrete & Pavers in Dundee, FL – Ridge Town, Lake Streets",58,"Concrete and pavers in Dundee, FL","Concrete and paver work in Dundee: lake-street driveway replacements, early cracks on new US-27 subdivisions, boat and RV pads on unincorporated lots, town vs. Polk County permits, costs.",187,False
/areas/lake-wales/,city,"Concrete & Pavers in Lake Wales, FL – Sloped Ridge Lots",55,"Concrete and pavers in Lake Wales, FL","Concrete and paver work in Lake Wales: sloped lots on Candler and Astatula sand, trench drains at the garage, stepped patios, historic-street oaks, new US-27 subdivisions, city vs. Polk permits, costs.",201,False
/areas/polk-city/,city,"Concrete & Pavers in Polk City, FL – Rural Lots, Pads, Drives",61,"Concrete and pavers in Polk City, FL","Concrete and paver work in Polk City: long rural driveways, RV and workshop slabs, ridge sand vs. Green Swamp flatwoods, septic and well lots, Polk County permit rules, costs.",175,False
/areas/,area,"Service Area – Kissimmee, Osceola County & the Polk Ridge",57,Service area: 40 miles around Kissimmee,"Where Kissimmee Concrete works: every Osceola County city and community, the Polk County ridge from Four Corners to Lake Wales, and south Orange County, with distances, drive estimates and coverage tiers.",204,False
/areas/osceola-county/,county,"Osceola County Concrete & Pavers – Permits, Soils, Climate, HOAs",64,"Osceola County: permits, soils, climate and HOAs for concrete and paver work","Osceola County facts for concrete and paver work: Kissimmee, St. Cloud and county permit rules with the 24-ft driveway limit, USDA soil units and water tables, NOAA Kissimmee 2 rain days, HOA and CDD review.",207,False
/areas/polk-county/,county,"Polk County Ridge Concrete & Pavers – Rules, Release Form, Sand",63,"Polk County ridge: permits, the Paver Release Form, ridge sand and HOAs","Polk County facts for concrete and paver work on the ridge: the county's slab, driveway and paver rules quoted, the Paver Release Form, cities with their own departments, Candler sand that compacts only wet, HOAs.",213,False
/areas/orange-county-south/,county,South Orange County Concrete & Pavers – Hunters Creek,53,"South Orange County: Hunters Creek, Meadow Woods, Southchase and the Lake Nona edge","Concrete and paver work in south Orange County next to Kissimmee: Hunters Creek, Southchase, Meadow Woods, Taft and the Lake Nona edge, with Orange County's 'permit required' rule and 6-inch apron spec.",202,False
/pricing/,pricing,"Concrete & Paver Prices in Kissimmee, FL – Cost Guides & Index",62,Pricing: concrete and paver costs around Kissimmee,"What concrete and paver work costs around Kissimmee: cost guides per square foot and per project, the ten factors that move a price, and the quarterly Kissimmee Concrete Cost Index (Q3 2026) with downloadable data.",214,False
/pricing/concrete/,pricing,"Concrete Cost in Kissimmee, FL (2026): Per Sq Ft & By Project",61,"Concrete cost in Kissimmee, FL: per square foot and by project","What concrete costs in Kissimmee in Q3 2026 2026: driveways $8.50–$13.50/sq ft, patios, stamped, pads, walkways and removal, with worked examples for a two-car driveway, 12x12 patio, RV pad and pool deck.",204,False
/pricing/pavers/,pricing,"Paver Cost in Kissimmee, FL (2026): Driveways & Decks",53,"Paver cost in Kissimmee, FL: per square foot and by project","What pavers cost in Kissimmee in Q3 2026 2026: driveways $14–$22/sq ft, pool-deck overlays, travertine, patios, walkways, sealing and repair, with worked examples for a two-car driveway and a 600 sq ft pool deck.",212,False
/pricing/kissimmee-concrete-cost-index/,pricing,"Kissimmee Concrete Cost Index (Q3 2026) – 18 Items, CSV/JSON",60,"Kissimmee Concrete Cost Index, release Q3 2026","The Kissimmee Concrete Cost Index, release Q3 2026: installed price ranges for 18 concrete, paver and coating items in the Kissimmee/Osceola market, with method, limitations and CC BY 4.0 downloads in CSV and JSON.",214,False
/permits/,permit,"Concrete & Paver Permits in Kissimmee, Osceola & Polk (2026)",60,"Permits for concrete and paver work: Kissimmee, Osceola, St. Cloud, Polk and Orange","Do you need a permit for a driveway, patio, slab, pool deck or pavers? Rules by project for the City of Kissimmee, unincorporated Osceola County, St. Cloud, Polk County and Orange County, with HB 803's $7,500 exemption.",219,False
/permits/city-of-kissimmee/,permit,City of Kissimmee Driveway Permit – How It Works (2026),55,City of Kissimmee: driveway and sidewalk permits,"How to permit a driveway or sidewalk inside Kissimmee city limits: the EnerGov Driveway / Sidewalk Construction application, 2-business-day review and issuance timelines, right-of-way rule, Engineering Division contacts.",220,False
/permits/osceola-county/,permit,Do You Need a Permit for a Driveway in Osceola County? (2026),61,"Unincorporated Osceola County: driveway permits, the 24-foot rule and flatwork","Osceola County's driveway rule quoted: §22-50.6 requires a county driveway permit and caps width at 24 ft. Building Office facts on plan review (3–5 days), Notice of Commencement, inspections, sheds, patios and HB 803.",218,False
/permits/city-of-st-cloud/,permit,"St. Cloud, FL Permits for Patios, Driveways & Pavers (2026)",59,City of St. Cloud: which outdoor concrete and paver projects need a permit,"City of St. Cloud's permit list quoted: patios and decks need a permit, driveway pavers go to Public Works, asphalt reseal is exempt, cashless since 2025, HB 803 adopted. Building Department contacts and the city line.",218,False
/permits/polk-county/,permit,"Polk County Permits for Slabs, Driveways & Pavers (2026)",56,Polk County: slab and driveway permits and the Paver Release Form,"Polk County's building rules for concrete and pavers quoted: which slabs and driveway portions need a permit, the Concrete Driveway Paver Release Form for pavers in the right-of-way, offices in Bartow and Lake Alfred, cities with their own departments.",252,False
/permits/orange-county/,permit,Orange County Permits for Concrete & Pavers – South Orange (2026),65,Orange County: permits for concrete and pavers in the communities next to Kissimmee,"Unincorporated Orange County's rule quoted: any concrete pour or paver placement needs a permit (pavers via Zoning), 6-inch no-steel apron spec, shed rules. For Hunters Creek, Meadow Woods, Southchase and Taft next to Kissimmee.",228,False
/hoa/,hoa,HOA & ARC Approval for Pavers and Driveways – Osceola & Polk,60,HOA and ARC approval for concrete and paver work,"HOA and architectural review rules for driveways, patios, pool decks and pavers in Osceola and Polk: verified criteria for Poinciana APV, Solivita, Celebration, Bellalago and Solterra, what every board asks for, and HB 803.",223,False
/hoa/poinciana-apv/,hoa,"Poinciana APV DCB Rules for Driveways, Walks & Pavers",53,"Poinciana (APV) Design Control Board: driveways, walks, patios and pavers","Poinciana's Design Control Board criteria quoted: driveways in concrete, asphalt or brick pavers (9.1.1), walks beside the house capped at 2 ft, prior written approval for any paved area, 30-day deemed denial, sheds. How we file.",229,False
/hoa/solivita/,hoa,"Solivita ARC Rules for Driveways, Pavers & Patios",49,"Solivita architectural review: driveways, walkways, pavers and patios","Solivita's Architectural Review Requirements quoted: replacement driveways and walks in the original builder's style and material (6.14), extensions reviewed, pavers and patios on the application list with samples, appeals within 30 days.",238,False
/hoa/celebration/,hoa,"Celebration ARC (CROA) – Driveways, Pavers, Pool Decks",54,Celebration (CROA) Architectural Review Committee,"Celebration's Architectural Review Committee: third-Monday meetings, where the Design Guidelines live (Front Porch owner portal and Town Hall), what we verified and what we did not, and how we build the packet for pavers, driveways and pool decks.",247,False
/hoa/bellalago/,hoa,"Bellalago HOA Architectural Review – Pavers, Decks, Driveways",61,Bellalago and Isles of Bellalago: architectural review,"Bellalago's architectural review: approval before any exterior change, the ConnectResident ARC form, twice-monthly committee, FirstService Residential contacts, what we verified, and Osceola County permits for the community.",224,False
/hoa/solterra/,hoa,"Solterra Resort HOA Rules – Driveways, Concrete, Pavers, COI",60,"Solterra Resort: architectural rules for driveways, concrete and pavers","Solterra Resort's architectural guidelines quoted: driveways no wider than three cars, no added walkway, no painted or stained concrete, clear matte sealer by request, survey and sample for pavers, contractor insurance naming the association.",242,False
/compare/,page,"Concrete vs. Pavers, Travertine, Stamped & More – Comparisons",61,Comparisons,"Eight side-by-side comparisons for Central Florida: concrete vs. pavers, travertine vs. concrete pavers, stamped vs. pavers, resurface vs. replace, 4 vs. 6 inches, rebar vs. fiber vs. mesh, cool deck vs. pavers, sealer types.",225,False
/compare/concrete-vs-pavers/,compare,Pavers vs. Concrete Driveway in Central Florida: Cost & Heat,60,Concrete vs. pavers: which is right for your driveway or patio,"Concrete vs. pavers for a driveway or patio in Kissimmee and Osceola County: installed cost per sq ft and per two-car drive, repairability, HOA preference, heat, maintenance and lifespan, and when each is the right call.",220,False
/compare/travertine-vs-concrete-pavers/,compare,Travertine vs. Concrete Pavers for a Pool Deck in Florida,57,Travertine vs. concrete pavers for a pool deck,"Travertine vs. concrete pavers for a Central Florida pool deck: barefoot temperature (published 105–120 °F vs. 115–145 °F), cost per sq ft and per 600 sq ft deck, sealers, salt pools, rental use, repair.",203,False
/compare/stamped-vs-pavers/,compare,Stamped Concrete vs. Pavers in Central Florida: Cost & Upkeep,61,Stamped concrete vs. pavers,"Stamped concrete vs. pavers for a patio or pool deck in Kissimmee: cost per sq ft and for a 12x16 patio, cracking and repair, sealing cycles, slip and heat, HOA rules, and where each is the better choice.",204,False
/compare/resurface-vs-replace/,compare,Resurface vs. Replace a Driveway or Pool Deck in Central Florida,64,"Resurface, repair or replace: the decision","Resurface, repair or replace? The tap test, string line and hose test we run on Kissimmee slabs, a decision table with costs for a 480 sq ft driveway, and when polyurethane lifting is worth it.",193,False
/compare/4-inch-vs-6-inch/,compare,4-Inch vs. 6-Inch Concrete Driveway: Which Loads Need It,56,4-inch vs. 6-inch concrete,"4 in vs. 6 in concrete for driveways, pads and slabs in Central Florida: mix, steel, cost per sq ft and per two-car drive, which loads need six inches, and why base and joints matter more than thickness.",203,False
/compare/rebar-vs-fiber-vs-mesh/,compare,Rebar vs. Fiber vs. Wire Mesh for a Concrete Driveway,53,Rebar vs. fiber vs. wire mesh,"Rebar, fiber or wire mesh for a driveway or slab: what each controls, what each cannot, cost per 100 sq ft, why mesh on the bottom of a 4-inch slab is nothing, and the standard we pour in Kissimmee.",198,False
/compare/cool-deck-vs-pavers/,compare,Cool Deck vs. Pavers for a Florida Pool Deck: Cost & Heat,57,Cool deck coating vs. pavers around the pool,"Textured 'cool deck' coating vs. pavers or travertine around a Central Florida pool: cost for a 600 sq ft deck, heat and grip, life before re-coating, repair, coping and drains, HOA expectations.",195,False
/compare/sealer-types/,compare,Paver & Concrete Sealers Compared: Film vs. Penetrating,55,Sealer types compared,"Which sealer for which surface in Central Florida: film-forming acrylics vs. penetrating silane/siloxane and fluoropolymer vs. joint-stabilizing products, life in the sun, slip, stone rules, HOA matte rules, and the failures each causes.",237,False
/tools/,tool,"Concrete & Paver Tools – Permit Finder, Calculator, Pour Calendar",65,Tools,"Free tools for Kissimmee and Osceola County lots: permit and jurisdiction finder by address, concrete and paver calculator with current cost ranges, concrete vs. pavers decision tool, HOA packet checklist, pour calendar, project brief.",235,False
/tools/permit-finder/,tool,"Permit & Jurisdiction Finder – Kissimmee, Osceola, Polk (Address)",65,Permit and jurisdiction finder,"Type an address in Osceola, Polk or south Orange County and see whether it is City of Kissimmee, St. Cloud, unincorporated Osceola, Polk or Orange, and the verified permit rules for a driveway, patio, slab or pavers there.",222,False
/tools/concrete-paver-calculator/,tool,"Concrete & Paver Calculator – Yards, Bags, Base, Cost (Kissimmee)",65,Concrete and paver calculator,"Calculate cubic yards and bags of concrete, limerock base, paver count and polymeric sand for a driveway, patio, pad or pool deck, with a planning cost range from the Q3 2026 Kissimmee Concrete Cost Index. Printable.",216,False
/tools/concrete-vs-pavers/,tool,Concrete vs. Pavers Decision Tool – Eight Questions (Kissimmee),63,Concrete vs. pavers decision tool,"Answer eight questions about your driveway, patio or pool deck (budget, HOA, barefoot use, future work, maintenance, rental) and get a concrete, paver or stone recommendation with reasons and a surface-heat table.",213,False
/tools/hoa-packet-checklist/,tool,HOA & ARC Packet Checklist for Paver and Concrete Work,54,HOA / ARC packet checklist,"Build the architectural review packet for pavers, a driveway change, patio, pool deck, walkway or seat wall in Poinciana, Solivita, Celebration, Bellalago, Solterra, Reunion or any management-form community. Printable.",218,False
/tools/pour-calendar/,tool,"Pour Calendar – Rain Days & Temperatures by Month, Kissimmee FL",63,Pour Calendar: rain days and temperatures for Kissimmee,"NOAA 1991–2020 normals for the Kissimmee 2 station by month (rain days, inches, highs and lows) with our pour, stamp, overlay, paver, sanding and sealing plan for each month and the storm-season rule.",200,False
/tools/ask-the-estimator/,tool,Ask the Estimator – Real Questions From Kissimmee Estimates,59,Ask the Estimator,"Anonymized real questions from estimating calls and forms in Kissimmee, St. Cloud, Poinciana and the Polk ridge, answered in a few sentences with a link to the full page. Updated as questions come in; RSS feed available.",220,False
/tools/project-brief/,tool,Project Brief Generator – Get Comparable Concrete & Paver Quotes,64,Project brief generator,"Generate a one-page brief for a driveway, patio, pool deck, pad, walkway, repair, sealing or garage-floor job with dimensions, spec, drainage, access, HOA and permit notes and twelve questions every bidder must answer.",218,False
/faq/,faq,Concrete Questions Kissimmee Homeowners Ask (Answered),54,Frequently asked questions,"Short answers to the questions Kissimmee, St. Cloud and Osceola County homeowners ask about concrete and pavers: cost, permits, licenses, pavers vs. concrete, rainy-season pours, HOA approval, with links to full answers.",220,False
/faq/concrete/,faq,"Concrete FAQ – Thickness, PSI, Rebar, Curing, Cracks (Kissimmee)",64,Concrete FAQ,"Concrete questions answered for Kissimmee and Osceola County: how thick a driveway should be, 3,000 vs. 4,000 psi, rebar vs. mesh vs. fiber, cure time, why concrete cracks, blotchy color, sealing, lifespan, insurance, rain.",223,False
/faq/pavers/,faq,"Paver FAQ – Base, Polymeric Sand, Sealing, Sinking (Kissimmee)",62,Paver FAQ,"Paver questions answered for Kissimmee and Osceola County: base depth on sand, polymeric sand, weeds and ants, efflorescence, sealing schedule and failures, pressure washing, sinking, brick vs. concrete, travertine, rust stains.",228,False
/faq/permits-hoa/,faq,"Permits & HOA FAQ – Licenses, Approvals, HB 803 (Osceola & Polk)",64,Permits and HOA FAQ,"Permit and HOA questions for Kissimmee, St. Cloud, Osceola and Polk: no license for flatwork under s. 489.117, who pulls the permit, driveway and patio rules by office, HOA approval and violations, HB 803's $7,500 exemption.",224,False
/faq/cost/,faq,Cost FAQ – What Concrete & Pavers Cost in Kissimmee (2026),58,Cost FAQ,"Cost questions for Kissimmee and Osceola County answered from the Q3 2026 Cost Index: contractor rates per sq ft, why small jobs cost more, deposits, financing, asphalt vs. concrete vs. pavers, removal, sealing, when to book.",225,False
/guides/,page,Concrete & Paver Guides for Kissimmee and Osceola County,56,Guides,"Local guides on cracking, rust stains, driveway widening rules, rainy-season scheduling, contractor verification, vacation rentals, oak roots, ridge vs. flatwoods sand, BVL driveways, septic, polymeric sand, curing, deck heat and HB 803.",237,False
/guides/why-concrete-cracks-osceola/,guide,Why Concrete Cracks in Osceola County (and Which Cracks Matter),63,Why Concrete Cracks in Osceola County (and Which Cracks Matter),"Why slabs crack on Osceola's Smyrna and Myakka sand with a 12-inch water table: shrinkage vs. settlement vs. edge loads, a crack-by-crack table, what joints, thickness and steel do and don't do, and what to fix.",211,False
/guides/rust-stains-irrigation-well-water/,guide,"Rust Stains From Well-Water Irrigation: Identify, Remove, Prevent",65,"Rust Stains From Well-Water Irrigation: Identify, Remove, Prevent","Orange streaks on driveways, pavers and pool decks in Osceola County are iron from well-water sprinklers. A stain identification table, safe removers by surface, and the head adjustment or iron filter that stops it.",215,False
/guides/driveway-widening-rules-osceola/,guide,"Driveway Widening Rules: Osceola County, Kissimmee and St. Cloud",64,"Driveway Widening Rules: Osceola County, Kissimmee and St. Cloud","How wide a residential driveway can be and what widening requires in unincorporated Osceola (24 ft, §22-50.6), Kissimmee, St. Cloud, Polk and Orange, plus HOA limits like Solterra's three-car rule and how a widening is built.",225,False
/guides/rainy-season-concrete-scheduling/,guide,Pouring Concrete in the Rainy Season: Scheduling Around Storms,62,Pouring Concrete in the Rainy Season: How We Schedule Around Afternoon Storms,"June–September average 14–18 rain days a month at the Kissimmee 2 station. What rain does at each stage of a pour, the first-light routine, the 60-percent rule, why overlays, polymeric sand and sealers wait for dry days, hurricane season.",238,False
/guides/how-to-verify-a-concrete-contractor-florida/,guide,How to Verify a Concrete Contractor in Florida (No License),59,How to Verify a Concrete or Paver Contractor in Florida When There Is No License to Check,"Florida does not license concrete flatwork, pavers or stucco and s. 489.117(4)(a) bars local licenses. Five checks that do exist: insurance certificate, Sunbiz entity, references, the written contract, and the spec against the load. Red flags.",243,False
/guides/vacation-rental-owner-hardscape-guide/,guide,Pool Decks & Driveways for Vacation Rental Owners (Four Corners),64,"Pool Decks and Driveways for Vacation Rental Owners in Four Corners, ChampionsGate and Reunion","Hardscape for short-term rentals in Four Corners, ChampionsGate, Reunion and Windsor Hills: surfaces that survive rental use, turnover-gap scheduling, manager and HOA sign-off (Solterra verified), county rules and current costs.",228,False
/guides/tree-roots-driveways-central-florida/,guide,Live Oak Roots and Driveways: What Lifts a Slab and What to Do,62,Live Oak Roots and Driveways: What Lifts a Slab and What to Do,"Live oak roots lift 4-inch slabs in Kissimmee's older neighborhoods within a decade. Options with costs: grind, root barrier plus panel replacement, thicker bridging sections, rerouting, pavers over the root zone, and when removal is the last resort.",250,False
/guides/paver-base-flatwoods-vs-ridge/,guide,Paver Base on Flatwoods vs. Ridge Sand: Osceola and Polk,56,Paver Base on Flatwoods Sand vs. Ridge Sand: Osceola and Polk Are Not the Same,"Osceola's Smyrna/Myakka flatwoods (wet, 12-inch water table) and Polk's Candler ridge sand (dry, compacts only wet) need different base placement under pavers and slabs. USDA map units, the two routines, and why builder driveways fail in both.",243,False
/guides/buenaventura-lakes-driveway-replacement/,guide,Replacing a 1980s Driveway in Buenaventura Lakes: What's Under It,65,Replacing a 1980s Driveway in Buenaventura Lakes: What We Find Under the Old Slab,"What a Buenaventura Lakes driveway replacement involves: what comes out of a Landstar-era slab (no base, washout, mesh on the bottom, roots), the county permit and 24-ft rule, the step-by-step, and costs for an 18x24 drive.",223,False
/guides/septic-drainfield-concrete-driveway/,guide,Septic Drainfields and Driveways on Rural Osceola Lots,54,Septic Drainfields and Driveways on Rural St. Cloud and Harmony Lots,"Why concrete, pavers and mixer trucks stay off septic drainfields on rural Osceola and Polk lots, how we locate the tank and field from the county record, setbacks, what can go where, and truck access on long driveways.",219,False
/guides/polymeric-sand-guide/,guide,"Polymeric Sand: When It Works, When It Fails, How We Install",60,"Polymeric Sand: When It Works, When It Fails, and How We Install It","What polymeric sand is, the six-step installation that makes it hold on Central Florida pavers, where it does and does not belong, and the white haze, crusting, washout and ant failures we fix.",193,False
/guides/concrete-curing-florida-heat/,guide,Curing Concrete in Central Florida Heat: 7 vs. 28 Days,54,"Curing Concrete in Central Florida Heat: 7 Days, 28 Days and What Happens In Between","How concrete gains strength by the day, why Kissimmee's 91-degree summers set the surface fast without speeding the cure, hot-weather pour rules, when cars and trucks can use it, and why sealing waits.",201,False
/guides/surface-temperature-pool-decks/,guide,How Hot Does a Pool Deck Get? Surface Temperatures by Material,62,How Hot Does a Pool Deck Get? Surface Temperatures by Material,"Published midday surface temperatures for travertine, marble, light and dark concrete pavers, coatings, broom concrete and porcelain on Florida pool decks, with caveats, and the July side-by-side measurement we plan to publish.",227,False
/guides/hb-803-permit-exemption/,guide,"HB 803: Florida's $7,500 Permit Exemption and Concrete Jobs",59,"Florida's $7,500 Permit Exemption (HB 803) and Small Concrete Jobs","What Florida's HB 803 (effective July 1, 2026) changes for patios, pads and driveways under $7,500: the written request, the exclusions (structural, electrical, plumbing, gas, flood zones), why driveway permits remain, and the HOA clause.",238,False
/about/,page,About Kissimmee Concrete – Who We Are and How We Work,53,About Kissimmee Concrete,"Kissimmee Concrete is the Osceola County and Polk ridge service brand of a Central Florida concrete and paver contractor. What we install, what we don't, and what we put in writing.",181,False
/editorial-standards/,page,Editorial Standards – How We Write and Check Pages,50,Editorial standards,"Primary sources only, dates on every page, no invented reviews or stats, labelled photos, ranges not quotes, and a correction policy. How this site is written and checked.",171,False
/data-and-methods/,page,"Data & Methods – Cost Index, Climate, Soils and Finder Sources",62,Data and methods,"How the Kissimmee Concrete Cost Index is built, where the NOAA climate and USDA soil numbers come from, how the jurisdiction finder works, and what each dataset does not do.",173,False
/warranty/,page,Workmanship Warranty – What Is Covered and How Claims Work,58,Workmanship warranty,"What Kissimmee Concrete's written workmanship warranty covers on concrete and paver work, what it excludes, how to make a claim, and how manufacturer warranties pass through.",174,False
/contact/,page,Contact Kissimmee Concrete – Free On-Site Estimate,50,Request a free estimate,"Request a free on-site estimate for concrete or paver work in Kissimmee, St. Cloud, Osceola County or the Polk ridge. Attach a photo, pick your city and service, and we reply in business hours.",193,False
/gallery/,page,Gallery – Real Job Photos and Labelled Concept Renderings,57,Photo gallery,"Paver driveways, marble and travertine pool decks, terraces, entry steps and installation-in-progress photos from our Central Florida crews, with AI concept renderings clearly labelled.",185,False
/privacy/,legal,Privacy Policy – Kissimmee Concrete,35,Privacy policy,"What Kissimmee Concrete collects when you request an estimate, how it is used, who it is shared with, how long it is kept, and how to see, correct or delete it.",160,False
/terms/,legal,Terms of Use – Kissimmee Concrete,33,Terms of use,"How to read the information, prices and tools on kissimmeeconcrete.com, what an estimate request does and does not create, and how the Cost Index data may be reused.",165,False
/accessibility/,legal,Accessibility Statement – Kissimmee Concrete,44,Accessibility,"Kissimmee Concrete targets WCAG 2.2 AA: landmarks, labels, focus, contrast, touch targets, reduced motion and described images. Known limitations and how to report a barrier.",174,False
/404/,legal,Page Not Found – Kissimmee Concrete,35,Page not found,"That page does not exist on kissimmeeconcrete.com. Jump to concrete or paver services, the service-area map, pricing, permits, tools, guides or the estimate form.",162,True
/thank-you/,legal,Request Received – Kissimmee Concrete,37,Request received,Your estimate request reached Kissimmee Concrete. We reply during business hours to schedule a site visit and send a written proposal.,134,True
